id,cv_diam_um,cv_length_um,cv_width_um,cv_aspect_ratio,cv_area_um2,cv_Rq,cv_Ra,cv_Rsk,cv_Rku,cv_Rv,cv_Rp,cv_Rt,cv_Rc,cv_azimuth_deg,cv_polar_deg,cv_FPO,cv_MFOV,cv_FAD,cv_MRV,cv_SA,cnn_Rq,cnn_Ra,cnn_Rsk,cnn_Rku,cnn_Rv,cnn_Rp,cnn_Rt,cnn_Rc,cnn_FPO,cnn_MFOV,cnn_FAD,cnn_MRV,cnn_SA,cnn_az_sin2,cnn_az_cos2
1,9.282,15.138,6.486,2.334,67.6726,8.1229,7.7442,0.4209,-1.5631,7.0912,18.8347,25.9259,8.5436,148.82,66.81,87.696,0.684,51.937,0.1924,1140.8474,4.9918,3.9867,-0.469,-2.1648,9.209,9.7992,19.5448,5.2797,89.5592,0.0513,25.3208,0.1302,49.2792,-0.3966,0.7607
2,3.513,6.062,2.438,2.486,9.6936,4.9635,4.8719,-0.1496,-1.8716,5.4857,8.8353,14.321,4.3817,177.27,68.09,85.822,1.092,170.679,0.0713,92.3159,4.8875,3.9658,-0.4533,-1.8293,6.616,8.0415,14.7665,3.7708,89.0013,0.1606,109.5566,0.274,43.2519,0.0519,0.5763
3,0.812,1.018,0.673,1.512,0.5182,4.2306,3.7869,-0.8138,-1.1843,6.4918,4.9897,11.4815,2.6731,72.3,56.51,86.605,0.83,52.952,0.1533,5.9718,4.3656,3.9177,-0.3186,-1.6266,5.4675,5.8952,11.0951,3.9096,87.8476,0.5334,84.9264,0.3281,10.3774,0.0578,-0.5045
4,1.052,1.809,0.676,2.674,0.8688,4.7084,4.567,0.3892,-1.6462,4.0665,9.1434,13.2099,5.2079,141.3,69.5,87.616,0.357,45.374,0.5575,14.9288,4.3284,3.8606,-0.2852,-0.8587,5.4643,6.1451,11.3294,3.9235,86.138,0.9141,93.3496,0.3568,16.7808,0.0457,-0.0951
5,1.935,2.949,1.344,2.195,2.9416,4.746,4.2846,-0.7691,-1.271,7.1238,5.9626,13.0864,3.0636,16.84,65.51,86.459,1.03,146.241,0.28,33.053,4.7921,3.9357,-0.3495,-1.2934,6.308,7.488,13.8807,4.0738,87.9022,0.297,114.8255,0.3708,33.6535,0.2647,0.6457
6,1.299,1.72,1.08,1.592,1.326,5.3431,5.2011,-0.2384,-1.8242,6.1918,8.0058,14.1975,4.4837,22.55,57.86,87.064,0.739,161.651,0.3309,16.8308,4.7398,3.9425,-0.2918,-1.4048,6.2465,7.5159,13.8569,4.1738,87.6292,0.3289,116.4562,0.3524,25.3697,0.1727,0.4215
7,6.788,10.117,5.681,1.781,36.1835,8.6646,8.1552,-0.0479,-1.6281,9.7455,21.7359,31.4815,7.1306,15.46,60.68,88.23,0.603,143.355,0.1933,791.3011,4.9981,3.9974,-0.2861,-2.3837,9.0098,9.9101,19.6562,5.5338,89.8466,0.0207,143.1072,0.2074,49.8865,0.299,0.4295
8,1.365,2.143,0.99,2.165,1.4632,5.196,5.0967,-0.2152,-1.875,5.8996,6.693,12.5926,4.4862,44.45,65.21,86.038,1.036,149.151,0.1257,14.5964,4.7907,3.9749,-0.248,-2.2211,5.549,7.1528,12.5413,4.1367,88.9771,0.1643,128.6553,0.3671,19.9449,0.3728,-0.1693
9,2.376,2.909,2.291,1.27,4.4353,4.8175,4.5797,-0.4629,-1.6665,6.2327,6.4834,12.716,3.6197,17.56,51.78,85.921,0.961,174.302,0.0988,43.2448,4.9275,3.9672,-0.339,-1.7239,6.675,8.849,16.2184,3.9609,88.8539,0.1698,105.9168,0.2426,48.194,-0.0223,0.8277
10,1.843,2.013,1.777,1.133,2.6673,5.4598,5.2786,-0.3804,-1.7754,6.7267,6.977,13.7037,4.3435,54.43,48.56,86.558,0.804,129.275,0.1297,30.347,4.9067,3.9814,-0.171,-2.0543,5.9388,8.076,14.3186,4.7245,89.1562,0.1692,133.5409,0.4165,30.6775,0.6943,-0.2693
11,3.381,4.705,2.781,1.691,8.9773,5.2631,5.1191,-0.1403,-1.817,5.8729,8.8184,14.6914,4.5368,163.75,59.41,86.251,1.114,88.393,0.476,94.0506,4.8998,3.946,-0.3673,-1.3508,6.6718,8.5865,15.773,3.9765,88.4329,0.2934,105.1407,0.2619,47.659,0.061,0.6344
12,5.306,6.422,4.811,1.335,22.1155,7.7986,7.2279,0.1056,-1.4826,8.3973,22.0965,30.4938,6.4248,47.36,53.16,88.207,0.523,166.136,0.1763,465.4598,4.9943,3.9914,-0.3283,-1.4516,8.7885,9.8261,19.43,5.3611,89.6899,0.0713,150.4023,0.2565,49.7399,0.4104,0.1949
13,4.004,4.839,3.645,1.328,12.5895,5.4246,5.0486,-0.3804,-1.5653,6.9966,11.5219,18.5185,3.9628,8.08,53.01,87.19,0.78,57.645,0.13,181.0375,4.9422,3.96,-0.3702,-1.2025,7.3815,8.9365,16.9583,4.4295,88.7557,0.2607,95.354,0.2793,47.91,0.2339,0.3727
14,2.149,2.789,1.728,1.613,3.6275,5.515,4.5141,-1.0397,-0.5732,9.7635,7.397,17.1605,3.076,73.09,58.21,87.374,0.685,94.343,0.4235,54.2788,4.9318,3.9547,-0.3116,-1.1166,7.4614,8.8747,16.9861,4.7448,88.6981,0.3735,87.0938,0.3259,45.0449,0.244,-0.4404
15,2.892,3.972,2.225,1.785,6.5691,3.8238,2.6769,-1.4652,0.9139,8.4006,6.1673,14.5679,1.6837,87.63,60.75,85.719,1.231,89.052,0.2373,61.1357,4.8333,3.9073,-0.3749,-1.1938,6.4436,7.967,14.4311,4.0843,88.1837,0.7049,102.3943,0.3129,42.9895,0.1309,-0.5961
16,2.323,3.801,1.67,2.276,4.2372,5.4627,5.0209,-0.3978,-1.5875,7.1288,7.5625,14.6914,3.9163,86.27,66.28,87.217,0.974,108.548,0.4404,61.1524,4.8809,3.9036,-0.3275,-0.7888,6.9592,8.5362,15.9501,4.4364,87.7892,0.785,96.6905,0.3324,46.3127,0.2071,-0.4978
17,1.999,2.43,1.979,1.228,3.1398,6.6928,6.5634,-0.239,-1.8752,7.6715,8.7483,16.4198,5.735,41.18,50.84,86.687,0.915,80.41,0.2441,37.8079,4.9443,3.9695,-0.2769,-1.161,7.4967,8.9107,17.2625,4.9809,88.5382,0.2432,95.7406,0.3331,44.7215,0.5548,0.0986
18,1.52,2.257,1.075,2.099,1.8137,3.7734,2.538,-1.9586,2.3465,9.616,3.4704,13.0864,1.598,93.74,64.52,87.027,0.919,70.722,0.5267,24.0928,4.4009,3.7901,-0.4252,-0.6442,6.1713,6.3391,12.277,3.8349,86.1507,1.4086,64.8276,0.3319,23.601,-0.1616,-0.5116
19,3.614,4.078,3.564,1.144,10.2576,5.8967,5.3744,-0.6195,-1.4181,8.3822,8.4079,16.7901,3.9647,0.69,48.85,86.948,0.79,76.035,0.3196,132.4563,4.949,3.9476,-0.5266,-1.0655,8.1016,9.0771,17.8159,4.2243,88.5488,0.2038,87.1592,0.2697,48.2796,-0.0993,0.8351
20,1.89,2.977,1.327,2.244,2.8045,6.222,5.1949,-1.0671,-0.6353,10.8377,7.8043,18.642,3.4162,174.46,65.98,87.497,0.636,92.154,0.5726,45.002,4.9729,3.9773,-0.6124,-1.6477,8.348,9.2257,18.1432,4.1777,89.3023,0.0692,127.9119,0.2968,48.4696,0.1198,0.8874
21,1.751,2.545,1.24,2.052,2.4082,3.8092,2.6563,-1.8424,2.0454,9.6056,4.2215,13.8272,1.7578,90.01,64.02,86.897,1.16,93.348,0.4098,31.1574,4.5337,3.7963,-0.3955,-0.4886,6.28,6.8427,12.9718,3.9726,86.0103,1.6317,72.0593,0.3428,30.6341,-0.0788,-0.6042
22,1.052,1.407,0.813,1.732,0.8688,5.4326,5.3871,-0.0267,-1.9388,5.5903,7.2492,12.8395,5.198,54.07,59.99,86.688,0.907,140.556,0.5592,10.5191,4.8254,3.9826,-0.1923,-2.6592,5.5945,7.2534,13.0655,4.4101,89.1643,0.1264,139.5014,0.4019,14.3636,0.4896,-0.6096
23,4.71,5.245,4.373,1.199,17.4211,4.6769,4.4001,-0.5754,-1.5655,6.3565,7.5941,13.9506,3.3646,70.21,50.18,84.949,1.218,130.44,0.0867,138.6858,4.9018,3.9611,-0.237,-1.765,5.9679,8.496,14.7782,4.2187,88.9514,0.3247,131.5871,0.3121,43.8805,0.2091,-0.5212
24,2.8,3.561,2.29,1.555,6.1576,4.9291,4.2408,-0.7684,-1.0757,7.7872,6.9042,14.6914,3.1323,93.72,57.26,87.56,0.686,103.296,0.4986,98.2786,4.9664,3.9813,-0.1862,-2.0982,6.6575,9.1421,16.6984,4.7129,89.3559,0.1965,128.7035,0.3485,47.0301,0.3386,-0.6495
25,3.67,4.707,3.235,1.455,10.5777,5.4412,5.2414,0.0398,-1.7545,5.6877,10.1147,15.8025,4.86,56.64,55.5,87.44,0.709,110.208,0.6441,157.4996,4.8787,3.9321,-0.2528,-0.9007,6.508,8.3836,15.269,4.4836,88.0436,0.6106,117.9968,0.3837,43.072,0.3138,-0.4741
26,2.461,2.724,2.358,1.155,4.7554,5.1737,4.5255,-0.6678,-1.2166,7.7579,8.415,16.1728,3.2536,145.87,49.12,87.708,0.678,148.758,0.2409,76.5884,4.896,3.9499,-0.2474,-1.2717,6.5992,8.8107,16.1904,4.1658,88.3109,0.3042,116.8374,0.3064,46.435,-0.0939,0.7093
27,1.52,2.233,1.266,1.764,1.8137,5.5721,5.5172,0.057,-1.9263,5.5172,7.5692,13.0864,5.5172,67.9,60.45,86.871,0.849,136.82,0.3665,22.9038,4.8454,3.9674,-0.2034,-1.86,5.9321,7.7341,13.849,4.5145,88.7169,0.3011,126.1437,0.431,26.3093,0.4871,-0.6004
28,2.343,2.853,2.089,1.366,4.3134,5.06,4.8528,-0.424,-1.7189,6.3957,6.6908,13.0864,3.9097,63.85,53.79,85.786,0.994,111.726,0.1513,40.9258,4.7894,3.9349,-0.2953,-1.5449,6.021,7.6175,13.6664,4.1077,88.3417,0.4292,102.0596,0.3285,33.5314,0.0485,-0.469
29,1.358,2.132,0.977,2.182,1.448,5.3652,5.2457,-0.1831,-1.8632,6.0362,7.9145,13.9506,4.6383,50.86,65.38,87.437,0.54,142.523,0.321,22.4107,4.7097,3.9372,-0.2264,-1.3109,5.5873,7.1864,12.6256,4.2506,87.846,0.4846,125.3032,0.3952,25.8394,0.4166,-0.2806
30,3.649,4.495,3.181,1.413,10.4557,7.4381,6.5881,-0.2126,-1.4629,9.4661,14.2376,23.7037,5.2564,154.15,54.71,88.128,0.579,166.328,0.1028,215.8673,4.9932,3.9877,-0.35,-1.7386,8.8136,9.8566,19.4822,5.0302,89.5207,0.0865,140.7785,0.2067,49.84,-0.1993,0.6213
31,2.457,3.64,2.344,1.553,4.7401,4.9948,4.939,0.1997,-1.8931,4.5969,7.9957,12.5926,5.336,160.03,57.22,86.281,0.75,4.273,0.0895,50.0016,4.8704,3.9515,-0.377,-1.6205,6.3849,8.2847,15.0752,3.8029,88.4563,0.2244,99.3785,0.2396,46.6341,0.008,0.8171
32,1.149,1.816,0.79,2.299,1.0364,4.8658,4.8181,0.1614,-1.9062,4.5645,7.2874,11.8519,5.1015,43.71,66.49,86.468,0.791,105.878,0.286,11.3934,4.6183,3.941,-0.2325,-1.6056,5.2222,6.6381,11.6403,4.0731,87.8303,0.4792,110.1283,0.3373,21.4979,0.2918,-0.3414
33,1.848,3.051,1.172,2.604,2.6825,4.5514,3.68,-1.207,-0.2952,8.4324,5.7652,14.1975,2.3793,0.2,68.99,86.694,1.009,53.731,0.1479,32.3695,4.7225,3.9057,-0.3334,-1.1348,6.2241,7.5785,14.0118,3.8522,87.3855,0.4349,78.3373,0.2914,37.1718,-0.2018,0.7088
34,3.455,4.717,2.802,1.683,9.3736,5.2512,5.0388,-0.351,-1.739,6.462,9.0935,15.5556,4.1294,101.53,59.28,86.269,0.947,112.613,0.1056,98.1936,4.8716,3.9306,-0.2677,-1.2996,6.3895,8.5277,15.4716,4.2406,88.3588,0.5766,91.2753,0.2587,45.7336,-0.0355,-0.4624
35,2.163,2.686,2.137,1.257,3.6732,5.6981,5.5623,0.022,-1.8098,5.8986,10.7681,16.6667,5.2622,95.29,51.5,87.635,0.724,120.881,0.4323,60.854,4.9307,3.952,-0.2402,-0.7354,7.4272,9.0625,17.3472,4.8833,88.1916,0.4771,128.7129,0.3551,45.2522,0.3372,-0.3794
36,2.748,3.589,2.331,1.539,5.929,7.2761,6.5803,-0.5475,-1.4473,10.196,11.0386,21.2346,5.114,21.06,56.99,87.858,0.6,120.393,0.1014,105.5989,4.9971,3.9962,-0.248,-2.0386,8.944,9.9037,19.6471,5.5714,89.7634,0.0324,150.4815,0.2055,49.8586,0.3519,0.6249
37,3.83,6.301,2.797,2.253,11.5226,6.4153,6.2154,0.4364,-1.6755,5.3452,12.556,17.9012,7.4239,35.51,66.06,87.754,0.74,136.6,0.3413,200.6751,4.9801,3.9848,-0.2303,-1.6089,7.7816,9.5196,18.3945,5.0231,89.2976,0.1374,132.9856,0.2936,48.8757,0.41,0.188
38,0.881,1.152,0.707,1.63,0.6097,4.7506,4.5616,-0.4656,-1.7153,6.0822,5.0289,11.1111,3.6493,45.3,58.47,85.553,1.181,136.993,0.3844,5.5022,4.4206,3.9343,-0.2703,-1.7498,5.1138,5.8604,10.7446,3.9243,87.9169,0.4421,95.1608,0.3266,11.8405,0.1692,-0.2842
39,1.784,2.08,1.663,1.251,2.4996,5.66,5.2997,-0.5236,-1.5852,7.5882,7.1032,14.6914,4.0717,89.93,51.36,87.27,0.927,45.353,0.1898,36.4583,4.8712,3.9416,-0.2817,-1.6839,6.6482,8.3307,15.4454,4.46,88.6836,0.4313,78.4374,0.2916,38.4975,0.0476,-0.7084
40,3.198,3.903,2.743,1.423,8.0323,5.5371,4.8938,-0.5291,-1.3134,7.9229,9.2376,17.1605,3.6704,179.97,54.9,87.872,0.567,127.715,0.5855,145.6512,4.9639,3.9754,-0.287,-1.4545,7.4304,9.3214,17.7228,4.5194,88.8895,0.1569,120.8977,0.2853,48.861,0.1774,0.7765
41,1.92,2.99,1.313,2.278,2.8959,4.7321,4.1329,-0.9264,-0.9751,7.6629,6.5347,14.1975,2.8427,178.49,66.3,86.581,0.925,38.526,0.2274,32.8702,4.7358,3.9142,-0.3751,-1.3131,6.4143,7.5321,14.2004,3.8331,87.604,0.3437,69.3511,0.2839,35.6222,-0.2029,0.8035
42,1.448,1.575,1.401,1.124,1.6461,5.3553,4.7376,-0.652,-1.2411,7.9245,8.8656,16.7901,3.4093,73.38,48.34,87.781,0.678,117.48,0.6845,28.6717,4.7194,3.9052,-0.2667,-1.1213,5.885,7.2773,13.1971,4.2241,87.326,0.8514,109.0026,0.394,31.0011,0.2245,-0.614
43,0.945,1.5,0.773,1.941,0.7011,4.1585,4.1267,0.187,-1.9306,3.821,5.8086,9.6296,4.4855,41.7,62.75,84.571,1.488,112.31,0.3327,5.076,4.1084,3.8646,-0.2902,-1.172,5.0841,5.4114,10.2439,3.8085,86.4688,0.7966,88.6077,0.3459,10.1095,0.0374,-0.0162
44,2.009,2.232,1.855,1.203,3.1702,5.6127,4.5025,-0.8071,-0.6364,9.5112,11.2296,20.7407,3.0927,131.57,50.27,88.018,0.517,20.478,0.13,62.1822,4.9942,3.9795,-0.2861,-1.8907,8.6384,9.8142,19.2938,5.2304,89.6312,0.1286,44.2007,0.2245,49.8502,-0.3046,-0.4278
45,5.974,7.469,5.683,1.314,28.0293,7.3206,6.9161,-0.0363,-1.6784,8.1266,14.219,22.3457,6.1017,141.31,52.73,87.847,0.647,141.565,0.1146,510.2642,4.9898,3.9782,-0.2966,-1.5219,8.7869,9.8231,19.4341,5.1749,89.3041,0.1387,111.1011,0.2073,49.6669,-0.3181,0.4862
46,1.461,1.915,1.205,1.59,1.6766,5.5144,5.0235,-0.4945,-1.4903,7.5264,7.7823,15.3086,3.8022,114.75,57.83,87.294,0.764,111.2,0.6701,24.6942,4.7563,3.9061,-0.278,-1.1902,6.1026,7.5097,13.8791,4.2227,87.6847,0.7573,98.3965,0.3711,32.8588,0.0526,-0.5473
47,0.8,0.905,0.719,1.259,0.503,4.7814,4.4327,-0.6658,-1.4512,6.7876,5.6815,12.4691,3.291,28.91,51.55,86.367,0.987,70.913,0.2067,5.7178,4.3845,3.9208,-0.3203,-1.6802,5.2205,5.6811,10.5515,3.7874,87.7076,0.4433,96.9379,0.3249,11.3262,0.102,-0.0185
48,2.099,2.659,1.722,1.544,3.4598,5.586,5.0965,-0.4647,-1.4988,7.5518,8.1272,15.679,3.9081,27.47,57.06,87.663,0.586,117.695,0.613,59.1364,4.9089,3.9451,-0.2973,-0.5737,7.2821,8.8195,16.8493,4.5649,87.9213,0.4185,129.8083,0.359,45.0152,0.2641,0.3451
49,2.062,3.037,1.444,2.104,3.3379,4.4269,3.442,-1.1751,-0.1712,8.3978,5.7998,14.1975,2.2863,1.49,64.58,86.345,1.053,17.064,0.3888,37.1751,4.7462,3.9132,-0.4201,-1.3344,6.62,7.5738,14.4814,3.7545,87.952,0.3158,58.5828,0.2659,35.8571,-0.3289,0.8073
50,2.293,2.541,2.318,1.096,4.1305,5.2955,5.1167,-0.0884,-1.814,5.8122,8.6323,14.4444,4.5861,144.47,47.63,87.095,0.968,146.495,0.2772,58.8352,4.8956,3.9394,-0.2921,-1.2175,6.7462,8.6623,16.1161,4.2212,88.0731,0.3428,122.9756,0.3321,45.5725,0.0105,0.5451
51,3.576,5.229,3.135,1.668,10.0442,6.7219,6.4358,0.5476,-1.4762,5.3929,15.4713,20.8642,7.9789,52.79,59.05,87.87,0.672,86.966,0.1168,184.7181,4.9908,3.9828,-0.2405,-1.3624,8.5262,9.7588,19.1685,5.4692,89.3873,0.1435,70.4887,0.2195,49.6703,0.2893,-0.1662
52,4.982,7.555,4.16,1.816,19.494,7.1446,6.8507,0.2108,-1.6565,6.9556,14.4025,21.358,6.7595,151.33,61.16,87.792,0.623,76.161,0.2792,339.0606,4.9784,3.9658,-0.4391,-1.2242,8.7299,9.6266,19.0712,4.8918,88.9817,0.1717,69.2411,0.199,49.1723,-0.2125,0.6735
53,1.314,1.561,1.179,1.324,1.3565,5.9563,5.8953,-0.0691,-1.9302,6.2684,8.423,14.6914,5.5641,169.47,52.93,87.088,0.816,133.417,0.2716,18.7313,4.7264,3.9322,-0.4367,-1.688,6.3801,6.9849,13.3842,3.8099,87.9346,0.2222,105.8138,0.3409,23.7207,0.0393,0.682
54,2.189,2.671,1.971,1.355,3.7647,5.5132,5.3103,-0.236,-1.8022,6.4459,7.7516,14.1975,4.5332,65.14,53.58,87.716,0.564,172.538,0.2714,62.3243,4.9557,3.9769,-0.1604,-1.975,6.4011,8.9324,16.215,4.6918,89.2751,0.2225,137.6053,0.3989,45.6467,0.4211,-0.5353
55,0.881,1.614,0.562,2.873,0.6097,4.9853,4.8693,0.4201,-1.7841,4.0853,8.2604,12.3457,6.0258,125.09,70.81,86.353,0.636,21.07,0.3662,6.4688,4.5756,3.9347,-0.4262,-1.9088,6.1609,6.3286,12.3615,3.7468,88.6851,0.2382,44.9089,0.2587,11.5231,-0.3423,0.1034
56,0.836,1.524,0.464,3.287,0.5487,4.1681,4.0428,-0.346,-1.7946,5.0535,5.1934,10.2469,3.369,167.79,73.08,86.604,0.572,72.564,0.6692,6.12,4.1263,3.85,-0.32,-1.2636,4.985,5.4236,10.1132,3.5307,86.562,0.6707,89.6535,0.3377,12.7685,-0.1951,0.3991
57,4.755,6.46,3.835,1.685,17.7564,7.1159,6.6408,-0.0824,-1.6542,8.1543,16.2901,24.4444,5.6938,76.24,59.3,87.776,0.644,115.841,0.1111,306.8243,4.9868,3.9795,-0.2662,-1.7419,8.5319,9.7206,19.0892,5.4163,89.3376,0.1997,112.6395,0.2556,48.6751,0.1193,-0.7305
58,2.858,3.657,2.364,1.547,6.4167,6.3282,5.783,-0.4293,-1.5283,8.4259,10.3395,18.7654,4.5136,170.23,57.13,87.552,0.678,25.674,0.1511,102.9414,4.9744,3.972,-0.4096,-1.7783,8.0003,9.4637,18.382,4.3255,89.2923,0.1186,70.6162,0.1971,49.4042,-0.2741,0.8975
59,0.836,1.236,0.677,1.824,0.5487,4.2657,4.2133,0.2444,-1.8845,3.8302,6.1698,10.0,4.6814,60.92,61.27,86.199,1.023,98.579,0.1972,5.7081,4.0291,3.8506,-0.2617,-1.1734,4.8426,5.356,10.0345,3.6723,86.4336,0.8589,91.2763,0.3608,10.81,-0.1276,0.0341
60,1.915,2.768,1.745,1.587,2.8807,5.3681,5.206,0.446,-1.6883,4.4251,10.0194,14.4444,6.3215,86.25,57.78,87.868,0.525,4.223,0.1779,51.6146,4.96,3.9735,-0.1697,-2.5054,6.8335,9.2155,16.9702,4.7617,89.4405,0.2319,61.6666,0.248,46.7881,-0.0868,-0.8182
61,3.042,3.645,2.643,1.379,7.2702,6.0307,5.3996,-0.5733,-1.3795,8.5799,9.4448,18.0247,3.9476,170.71,54.06,87.526,0.569,80.753,0.063,115.1208,4.9493,3.9512,-0.4251,-1.307,7.7271,9.1855,17.7361,4.2249,88.7829,0.2382,79.0125,0.2229,48.8052,-0.2218,0.7158
62,4.41,5.453,3.841,1.42,15.2721,7.6934,6.7257,-0.3336,-1.4098,10.4368,13.5138,23.9506,5.4628,74.16,54.84,87.907,0.648,148.515,0.2756,283.3917,4.9879,3.9885,-0.1701,-1.8288,8.3177,9.7369,19.0934,5.4851,89.446,0.1304,148.819,0.2982,48.4342,0.3121,-0.5558
63,1.379,1.728,1.161,1.489,1.4937,4.5951,4.4937,-0.2674,-1.8543,5.3481,5.763,11.1111,3.8746,129.86,56.11,86.066,1.023,63.956,0.1102,14.907,4.2464,3.8932,-0.3323,-1.495,5.1535,5.4532,10.2243,3.6692,87.3273,0.5003,93.9276,0.3424,10.546,-0.0093,0.1907
64,1.712,2.126,1.518,1.4,2.3015,4.9435,4.7746,-0.4,-1.7637,6.1424,6.0799,12.2222,3.9051,83.33,54.46,85.867,0.948,126.438,0.0277,22.3144,4.5226,3.8991,-0.3267,-1.3308,5.6139,6.4926,11.8222,3.9227,87.4672,0.7748,92.5122,0.3377,21.5422,0.0593,-0.5965
65,2.203,2.643,2.019,1.309,3.8104,5.299,4.8769,-0.5042,-1.4919,7.201,8.3546,15.5556,3.6869,36.74,52.62,87.412,0.794,161.403,0.2272,57.7489,4.9103,3.9395,-0.2628,-0.862,6.9894,8.8455,16.6322,4.4891,88.2081,0.4663,135.4394,0.3746,46.1648,0.2039,0.0764
66,2.48,3.5,1.963,1.783,4.8316,7.2299,6.9029,-0.183,-1.7769,8.3578,11.1484,19.5062,5.8795,9.19,60.71,87.245,0.748,25.302,0.5607,69.0271,4.9433,3.9548,-0.3927,-1.2299,7.9391,9.2154,18.005,4.4388,88.6529,0.2167,71.6663,0.2234,47.7373,-0.2323,0.8108
67,1.869,2.568,1.576,1.629,2.7435,4.7103,4.5666,-0.3444,-1.7965,5.7082,5.7733,11.4815,3.8055,114.99,58.45,86.178,0.839,149.99,0.0857,28.1254,4.4367,3.8807,-0.2491,-1.2186,5.1067,6.5123,11.4446,3.792,87.0104,0.8372,101.6757,0.3347,25.0325,-0.0733,-0.2402
68,1.706,2.012,1.51,1.332,2.2862,6.4459,5.9216,-0.654,-1.4347,9.1945,7.2253,16.4198,4.4513,83.91,53.11,87.513,0.701,0.754,0.1749,38.8677,4.9579,3.9656,-0.4358,-2.102,7.9952,9.0898,17.6497,4.7031,89.4173,0.1737,41.3061,0.2133,44.2039,-0.1289,-0.7496
69,2.167,3.843,1.46,2.632,3.6885,5.7819,5.7085,0.1704,-1.8806,5.4316,9.7536,15.1852,6.0152,109.83,69.2,86.444,0.776,17.883,0.1548,40.6883,4.8711,3.9282,-0.4352,-1.3608,7.5054,8.3242,16.2871,4.4587,88.6827,0.3831,45.2985,0.2392,38.0941,-0.0395,-0.5034
70,1.915,2.434,1.566,1.554,2.8807,6.051,5.5021,-0.7383,-1.3253,8.9409,6.8616,15.8025,3.9737,100.44,57.25,86.756,0.825,140.15,0.0806,34.7577,4.8996,3.947,-0.3925,-1.6187,7.3909,8.5865,16.552,4.4547,88.6964,0.3295,90.7397,0.2754,38.5957,-0.046,-0.5771
71,5.101,7.376,4.295,1.717,20.439,6.0914,5.7708,0.4419,-1.4851,5.341,13.9183,19.2593,6.293,51.92,59.79,87.861,0.649,151.265,0.249,366.9183,4.9922,3.9958,-0.0826,-2.3589,7.6129,9.7059,18.7279,5.3732,89.7526,0.0501,154.0851,0.3119,48.9379,0.5894,-0.1665
72,1.336,1.988,0.928,2.143,1.4022,3.6843,2.4078,-2.0092,2.5536,9.4991,4.0811,13.5802,1.4699,179.39,64.98,86.126,1.452,16.544,0.465,15.0787,4.5853,3.9199,-0.4449,-1.8424,6.0625,6.4159,12.4252,3.6088,87.7714,0.2407,71.2192,0.2799,19.428,-0.18,0.7782
73,1.351,1.846,1.163,1.587,1.4327,4.2937,4.2241,-0.1833,-1.8874,4.795,6.1927,10.9877,3.7748,23.47,57.78,85.771,0.996,90.075,0.196,13.5084,4.2477,3.8477,-0.3252,-1.2141,5.1377,5.7559,10.6386,3.5793,86.5393,0.6954,93.7333,0.3417,17.6348,-0.1232,0.4883
74,2.899,4.448,2.362,1.883,6.5996,4.6362,4.5587,-0.0707,-1.8923,4.9324,7.1663,12.0988,4.2376,5.25,62.03,86.927,0.907,127.956,0.2514,83.5518,4.644,3.8692,-0.2407,-0.6727,5.6472,7.454,13.1873,4.0264,86.4412,0.8883,112.3057,0.3614,39.8881,0.2064,0.3864
75,4.205,5.995,3.408,1.759,13.8851,5.0881,4.9696,0.2035,-1.7961,4.797,9.524,14.321,5.155,8.99,60.38,86.708,0.957,102.272,0.1298,167.8593,4.8992,3.9508,-0.2692,-1.2567,6.5586,8.7788,16.1263,4.1789,88.1889,0.3062,103.9968,0.2644,47.9964,0.1154,0.7702
76,3.258,3.978,2.936,1.355,8.3371,6.1873,5.9816,0.0214,-1.7784,6.4864,11.1679,17.6543,5.5496,65.44,53.57,87.697,0.659,176.484,0.152,145.1866,4.9696,3.9742,-0.1917,-1.492,7.4255,9.4413,18.0065,4.958,89.1303,0.28,146.1234,0.344,48.1475,0.3106,-0.4732
77,1.097,1.465,0.947,1.546,0.945,4.6686,4.62,-0.067,-1.9224,4.914,6.8144,11.7284,4.3592,167.3,57.1,86.514,1.184,58.797,0.1845,10.8651,4.5067,3.9103,-0.4442,-1.8236,5.9898,6.0113,11.8994,3.6132,87.932,0.2476,62.4073,0.2826,13.6518,-0.2305,0.716
78,1.487,1.844,1.275,1.447,1.7375,5.0992,4.783,-0.5111,-1.607,6.7887,6.2977,13.0864,3.6921,14.55,55.34,87.626,0.928,32.009,0.133,26.8126,4.6926,3.9245,-0.3431,-1.4745,6.1303,7.2201,13.581,3.8814,87.7823,0.333,72.0126,0.2969,30.5559,-0.1048,0.6741
79,1.284,1.429,1.251,1.142,1.2955,4.4662,4.405,-0.123,-1.9117,4.8393,6.3952,11.2346,4.0423,111.81,48.79,85.68,1.011,76.159,0.1635,12.7228,4.4101,3.9043,-0.2993,-1.6715,5.1901,6.0513,11.1567,3.7762,87.5661,0.6562,89.2045,0.3348,15.9247,-0.1221,-0.5221
80,3.483,4.953,2.526,1.961,9.526,6.832,5.9058,-0.5863,-1.2298,10.0977,11.3838,21.4815,4.2766,174.09,62.98,87.476,0.687,24.515,0.171,147.54,4.9872,3.9706,-0.4433,-1.2955,8.872,9.74,19.3053,4.9294,89.2465,0.1457,67.3403,0.1772,49.6641,-0.2789,0.7423
81,4.287,4.915,4.253,1.156,14.4338,8.4379,7.277,-0.3445,-1.3175,11.6385,16.3862,28.0247,5.7477,79.21,49.13,88.115,0.558,139.281,0.0154,298.6513,4.9883,3.9808,-0.2605,-1.3337,8.8012,9.7783,19.3424,5.561,89.2196,0.1659,112.0463,0.2459,49.0719,0.154,-0.2959
82,2.167,2.796,1.828,1.53,3.6885,6.5277,6.2768,0.0483,-1.7699,6.7898,12.4694,19.2593,5.8359,3.54,56.83,88.553,0.468,122.688,0.3495,101.5999,4.9844,3.9908,-0.1874,-2.1141,7.8767,9.6026,18.641,5.1281,89.4645,0.0727,133.136,0.284,48.4214,0.3501,0.4858
83,2.465,3.833,2.004,1.912,4.7706,4.374,4.23,0.4806,-1.6471,3.5479,8.7978,12.3457,5.2369,34.15,62.39,86.994,0.749,106.896,0.5658,61.5092,4.8334,3.9558,-0.1546,-1.4059,5.7345,8.0639,14.112,4.3759,88.0755,0.364,119.5832,0.3557,39.2072,0.3713,0.2338
84,1.052,1.728,0.683,2.528,0.8688,4.261,4.1594,-0.2653,-1.8378,4.971,5.5228,10.4938,3.5756,96.84,68.42,85.435,1.224,14.879,0.5589,8.3076,4.3683,3.92,-0.2067,-1.7751,4.8116,5.8812,10.6452,3.9532,87.6351,0.6257,106.4539,0.3773,12.8698,0.1398,-0.5689
85,1.114,1.66,0.761,2.181,0.9755,4.3874,4.0784,-0.6178,-1.4935,6.1175,5.3639,11.4815,3.0588,70.12,65.37,87.518,0.849,162.424,0.5935,14.6442,4.4977,3.9192,-0.1346,-1.5775,4.7764,6.3829,11.1111,4.1822,87.5437,0.658,122.7959,0.4245,17.2481,0.35,-0.4809
86,1.005,1.246,0.89,1.399,0.7926,4.6897,4.5454,-0.201,-1.8087,5.3827,6.716,12.0988,3.9335,134.03,54.45,87.528,0.482,33.995,0.2158,13.8684,4.4221,3.9065,-0.3223,-1.6848,5.5253,6.003,11.4501,3.7596,87.782,0.3924,66.6095,0.3155,11.6162,-0.2465,0.2444
87,2.803,3.208,2.55,1.258,6.1728,5.6405,5.0028,-0.4138,-1.3293,7.7796,11.2327,19.0123,3.8393,95.0,51.52,88.099,0.536,136.518,0.2205,122.9412,4.958,3.9673,-0.1558,-1.7253,6.6928,9.2462,16.9833,4.7397,88.9062,0.3823,135.939,0.3359,47.8716,0.2186,-0.6309
88,2.557,3.235,2.463,1.314,5.1364,4.4749,4.3889,0.1102,-1.8306,4.402,8.561,12.963,4.3759,167.88,52.72,87.018,0.825,133.439,0.1536,68.1536,4.7571,3.9092,-0.2508,-0.9889,5.903,7.8241,13.8571,4.0583,86.8899,0.5481,110.5163,0.3535,41.2511,0.1643,0.6454
89,2.492,4.576,1.437,3.184,4.8773,6.0932,4.4961,-1.3076,0.3715,12.6888,7.6816,20.3704,3.2056,0.89,72.56,87.149,0.68,22.809,0.3589,68.2792,4.9784,3.9787,-0.5029,-2.0287,8.6922,9.5349,18.949,4.6194,89.3914,0.0747,45.3359,0.1698,48.531,-0.3737,0.8883
90,2.242,4.575,1.18,3.878,3.9476,8.5776,7.8984,-0.1808,-1.6707,10.284,13.9136,24.1975,6.5559,5.68,75.54,87.758,0.774,172.539,0.2984,70.9877,4.9985,3.9967,-0.2305,-1.9217,9.335,9.9566,19.8416,5.8789,89.776,0.0269,151.4847,0.1823,49.9241,0.0789,0.6729
91,3.497,5.202,2.62,1.985,9.6022,5.3506,5.18,0.2202,-1.7106,5.1,10.3321,15.4321,5.2705,143.44,63.27,87.812,0.572,54.734,0.2485,168.187,4.8827,3.9138,-0.4048,-1.2359,7.3191,8.609,16.6349,4.1284,88.2444,0.349,49.664,0.2408,46.1233,-0.3158,0.6384
92,2.099,2.568,1.841,1.395,3.4598,7.6278,7.1699,0.0225,-1.6678,8.283,13.6923,21.9753,6.4017,35.27,54.36,88.543,0.399,126.997,0.5144,95.593,4.9786,3.9831,-0.2584,-1.3145,8.1218,9.549,18.6316,5.1599,89.1969,0.1544,140.5487,0.3037,48.3155,0.4343,0.0985
93,2.445,4.015,1.767,2.273,4.6944,5.1625,4.9758,0.3022,-1.5757,4.7959,11.3769,16.1728,5.1696,18.97,66.25,87.784,0.704,109.937,0.3347,79.6523,4.9168,3.9504,-0.2446,-1.0999,6.8606,8.8828,16.5499,4.4439,88.0446,0.3243,93.1024,0.2959,47.7967,0.2056,0.7224
94,1.789,2.286,1.682,1.359,2.5149,4.0708,3.9238,-0.3577,-1.7741,4.9873,5.1362,10.1235,3.2342,58.51,53.65,85.797,1.189,143.762,0.3951,23.841,4.3405,3.8488,-0.1522,-0.7874,4.9218,6.3562,11.1771,4.1066,85.6348,1.2088,117.0891,0.4128,20.5202,0.2174,-0.2567
95,0.836,1.113,0.635,1.753,0.5487,3.8366,3.5787,-0.6425,-1.5043,5.3681,3.8912,9.2593,2.684,65.84,60.3,85.51,1.115,146.302,0.4428,4.8669,4.2924,3.9046,-0.1699,-1.5565,4.6787,5.7925,10.4275,4.0409,87.3245,0.7073,110.7902,0.392,12.4705,0.2517,-0.481
96,1.784,1.99,1.694,1.175,2.4996,4.5694,4.2041,-0.5313,-1.5183,6.2478,6.3448,12.5926,3.205,94.95,49.59,86.625,0.821,98.365,0.3951,29.0212,4.5163,3.8533,-0.2514,-0.9491,5.5044,6.92,12.4909,3.9386,86.406,1.0308,89.0434,0.3325,31.1735,-0.072,-0.1451
97,1.654,1.918,1.477,1.298,2.1491,4.119,3.2518,-1.0561,-0.3944,7.4883,5.845,13.3333,2.1207,12.16,52.4,86.766,0.883,92.424,0.531,25.2849,4.44,3.8338,-0.3399,-0.7092,5.6534,6.5481,12.0474,3.6567,85.8351,0.8021,94.5058,0.3478,29.2905,-0.1242,0.6705
98,4.677,5.768,4.064,1.419,17.1773,6.3243,5.9902,-0.0376,-1.6415,7.0345,14.2001,21.2346,5.2508,72.96,54.83,88.098,0.553,131.257,0.4538,343.6025,4.9658,3.976,-0.1127,-1.768,7.1839,9.3608,17.7509,5.1289,89.105,0.2851,127.9416,0.3514,46.3095,0.3157,-0.6672
99,2.807,3.712,2.265,1.638,6.1881,5.6239,5.0647,-0.5464,-1.4368,7.8783,7.6772,15.5556,3.7859,114.47,58.6,87.684,0.647,20.633,0.5755,103.9153,4.8539,3.8424,-0.2903,-0.8538,7.0608,8.5254,16.3401,4.4484,87.4819,0.9568,50.3282,0.3229,43.8388,-0.351,-0.3861
100,3.389,3.913,3.184,1.229,9.023,7.5286,6.9524,-0.179,-1.6179,9.0556,14.1543,23.2099,5.7241,178.86,50.87,88.017,0.576,166.618,0.0757,176.0195,4.9952,3.9918,-0.2557,-1.6922,9.0412,9.8874,19.6524,5.5811,89.5708,0.0619,141.7465,0.225,49.7049,0.0361,0.5026
101,1.222,2.133,0.778,2.741,1.1736,4.832,4.7705,0.0199,-1.9052,4.9012,6.9506,11.8519,4.6466,64.23,69.96,87.414,0.765,166.552,0.7146,18.2446,4.8382,3.9773,-0.1006,-2.5599,5.091,7.4507,12.6893,4.5265,89.0639,0.2145,141.286,0.4602,19.5084,0.5832,-0.6814
102,1.386,2.245,1.209,1.856,1.5089,4.179,4.1221,-0.0481,-1.909,4.3797,6.4845,10.8642,3.8931,173.56,61.69,86.153,1.008,109.449,0.4076,16.1107,4.3366,3.8403,-0.2911,-0.7968,5.3121,6.2725,11.414,3.7194,85.866,0.8354,91.8731,0.3444,24.8089,-0.0637,0.5598
103,1.827,2.451,1.424,1.721,2.6216,4.9347,4.1751,-0.9128,-0.8641,8.1663,7.5127,15.679,2.8366,1.42,59.84,87.355,0.63,163.278,0.2963,39.4053,4.9481,3.9729,-0.2903,-1.5941,7.0797,9.0839,16.9624,4.3511,88.863,0.1664,139.9699,0.3266,46.6801,0.0811,0.5998
104,4.037,4.425,3.891,1.137,12.8029,6.8533,5.4158,-1.1176,-0.2561,12.9347,11.0159,23.9506,3.8114,173.31,48.67,87.681,0.737,9.101,0.0186,219.413,4.9871,3.9768,-0.4189,-1.5569,8.9367,9.739,19.3488,5.1121,89.3038,0.1069,48.0639,0.1636,49.3708,-0.2962,0.7009
105,1.594,1.975,1.318,1.499,1.9966,4.1084,3.6235,-0.8607,-1.0959,6.4645,4.8935,11.358,2.5364,57.68,56.29,85.736,1.12,155.497,0.4626,18.4836,4.5523,3.9152,-0.1264,-1.2552,5.0491,6.7027,11.7666,4.2987,87.0378,0.755,123.6176,0.4311,19.5423,0.3719,-0.4122
106,3.115,3.844,2.688,1.43,7.6208,5.9395,4.8955,-0.0714,-0.8734,7.9578,16.2397,24.1975,3.6947,164.37,55.04,88.049,0.704,110.422,0.3868,148.536,4.9786,3.9799,-0.316,-1.6086,8.0338,9.5904,18.6637,4.6822,89.0209,0.122,120.497,0.2414,49.4641,0.0245,0.853
107,1.461,1.588,1.433,1.108,1.6766,4.401,3.8658,-0.6548,-1.2349,6.5495,6.0431,12.5926,2.7663,127.47,47.94,87.411,0.634,22.42,0.2726,25.6606,4.4371,3.8204,-0.4145,-0.9135,6.2749,6.2786,12.5981,3.8551,86.8749,0.8323,57.5644,0.3361,19.0898,-0.222,-0.0939
108,3.903,4.497,4.035,1.115,11.9646,7.6591,7.2646,-0.1442,-1.6923,8.843,16.836,25.679,6.187,113.81,48.1,88.083,0.623,50.094,0.3184,247.105,4.9869,3.9664,-0.358,-1.0983,8.9811,9.768,19.3977,5.4387,89.2106,0.2477,69.0405,0.2211,49.2129,-0.1905,-0.4892
109,2.024,2.421,1.834,1.32,3.216,4.4003,4.0668,-0.4626,-1.5419,5.8636,7.2228,13.0864,3.1276,53.77,52.85,87.108,0.642,176.372,0.4067,44.7784,4.6932,3.9068,-0.1269,-1.1111,5.2012,7.6429,12.9661,4.1983,87.2223,0.8691,123.7142,0.3781,36.647,0.1834,-0.3208
110,2.339,3.387,1.743,1.942,4.2981,5.8102,5.2745,-0.0488,-1.3318,6.9101,14.9418,21.8519,4.2797,113.58,62.76,87.894,0.592,141.503,0.3996,80.2431,4.9518,3.9668,-0.1963,-1.5469,7.1461,9.2012,17.4245,4.8234,88.8083,0.3155,139.2595,0.3478,46.1658,0.1937,-0.4851
111,1.427,1.633,1.284,1.271,1.6004,4.5494,3.8779,-1.0474,-0.7457,7.7557,4.9603,12.716,2.5852,95.38,51.81,85.905,0.752,48.918,0.1768,15.3997,4.6587,3.9393,-0.3457,-1.9741,5.9928,6.6687,12.6491,4.0184,88.5782,0.3042,77.5516,0.3134,14.1699,-0.0662,-0.4996
112,1.174,1.46,1.116,1.308,1.0822,4.0716,4.0274,-0.1035,-1.9243,4.3575,5.5191,9.8765,3.7437,134.02,52.59,85.981,0.687,26.882,0.4431,10.9119,4.0397,3.8459,-0.2769,-1.215,4.8717,5.4555,10.1249,3.5576,86.109,0.8145,82.2867,0.3377,12.3919,-0.279,0.2745
113,1.683,2.967,1.611,1.842,2.2253,4.2888,4.099,0.6015,-1.5203,3.2708,9.6921,12.963,5.4887,178.53,61.5,86.919,0.705,112.272,0.1805,28.6405,4.4466,3.8611,-0.3952,-1.2091,5.7493,6.3619,12.0193,3.5813,86.4463,0.5327,79.8175,0.308,26.188,-0.1445,0.7904
114,1.96,2.331,1.741,1.339,3.0178,4.0625,3.5309,-0.8689,-1.0257,6.4892,4.9923,11.4815,2.4253,163.1,53.24,85.97,1.559,74.242,0.4975,31.3886,4.4588,3.8224,-0.4688,-1.0365,6.0818,6.3429,12.3944,3.441,86.6232,0.5878,73.4845,0.3161,29.4995,-0.2932,0.7948
115,2.994,3.24,2.847,1.138,7.0416,5.5551,4.7226,-0.5234,-1.1376,8.2104,10.8019,19.0123,3.3555,176.44,48.69,87.561,0.772,164.569,0.3456,111.2899,4.9922,3.9894,-0.2666,-1.8673,8.2819,9.7957,19.1518,4.9214,89.5189,0.0817,132.9227,0.2274,49.8135,-0.0371,0.5526
116,2.922,3.99,2.574,1.55,6.7063,6.8066,6.5979,-0.1206,-1.7987,7.5682,12.6787,20.2469,5.8482,32.89,57.18,87.849,0.739,80.301,0.4977,125.7249,4.9867,3.9808,-0.3312,-1.4085,8.5602,9.6691,19.0375,5.2328,89.3305,0.1465,93.5848,0.2646,49.2511,0.201,0.0148
117,0.87,1.674,0.46,3.636,0.5944,4.1239,3.9974,0.491,-1.7008,3.2765,7.3407,10.6173,5.1248,132.76,74.62,86.113,0.844,46.231,0.6574,6.2035,4.0176,3.8291,-0.2677,-1.1041,4.8469,5.4058,10.0603,3.5895,85.8867,0.9445,89.2186,0.3593,12.0859,-0.2439,0.1643
118,3.502,4.219,3.232,1.305,9.6327,7.0252,6.7018,-0.0968,-1.7656,7.8568,11.279,19.1358,5.8428,58.44,52.54,87.59,0.766,97.023,0.2895,161.5094,4.9735,3.9833,-0.2541,-1.9053,7.7171,9.3265,17.9246,5.1014,89.3121,0.1553,122.0776,0.3347,45.4978,0.4313,-0.5769
119,0.975,1.823,0.617,2.957,0.7468,4.133,4.0986,0.1715,-1.9165,3.8424,6.7748,10.6173,4.3914,168.0,71.31,85.559,1.533,79.532,0.4169,6.9395,4.407,3.9145,-0.3002,-1.8148,5.0936,5.7445,10.5349,3.6703,87.632,0.3606,97.6009,0.3493,11.4302,-0.0925,0.3796
120,1.14,1.853,0.794,2.334,1.0212,3.9981,3.8041,-0.5103,-1.6452,5.2557,5.1146,10.3704,2.9809,171.76,66.81,85.824,0.911,68.638,0.159,9.6838,4.0729,3.861,-0.3438,-1.314,5.0458,5.2122,9.9381,3.4628,86.8167,0.6153,78.8292,0.3305,9.9978,-0.2931,0.4302
121,2.376,3.361,1.925,1.746,4.4353,4.0885,4.0354,0.2524,-1.8713,3.6624,6.9549,10.6173,4.493,137.89,60.21,85.196,1.02,42.018,0.1225,36.0599,4.4054,3.8645,-0.2377,-1.3517,5.1506,6.7511,11.8963,3.7068,86.8026,0.8518,72.1588,0.2927,28.4058,-0.3598,-0.028
122,2.949,3.792,2.422,1.566,6.8282,4.9855,4.4802,-0.5239,-1.4,6.9704,9.3259,16.2963,3.3149,20.95,57.44,87.717,0.691,146.352,0.2401,119.1099,4.9366,3.9565,-0.2882,-0.9189,7.2896,9.0764,17.2352,4.5522,88.6641,0.3135,137.6515,0.3479,47.4566,0.2791,0.3604
123,2.625,3.837,2.017,1.903,5.4108,5.8475,5.6131,0.1424,-1.639,5.9104,13.3489,19.2593,5.3443,38.84,62.27,87.84,0.592,131.216,0.5376,92.1266,4.9735,3.9815,-0.2272,-1.7996,7.6718,9.4609,18.2616,4.8556,89.1703,0.1334,133.6534,0.2977,47.7395,0.0714,0.324
124,5.737,8.232,4.188,1.966,25.8497,5.26,5.1459,0.185,-1.8083,4.9946,10.1906,15.1852,5.3067,142.53,63.04,86.772,0.888,175.754,0.0687,309.4199,4.8763,3.9373,-0.2719,-1.3084,6.4068,8.6357,15.7623,4.073,88.27,0.4361,105.7436,0.2657,46.5957,-0.1478,0.206
125,1.965,3.15,1.294,2.434,3.0331,4.751,4.7033,0.0702,-1.9152,4.6799,7.1719,11.8519,4.727,55.49,67.66,86.272,0.789,155.46,0.5171,32.2768,4.6903,3.9174,-0.1474,-1.1338,5.2795,7.3713,12.6799,4.2578,87.3155,0.748,130.0378,0.4118,30.9035,0.3053,-0.3977
126,1.625,1.989,1.457,1.366,2.0729,4.3603,4.2724,-0.0237,-1.8475,4.5776,7.3977,11.9753,4.0054,136.99,53.79,86.752,0.935,119.993,0.4083,24.3477,4.1776,3.8592,-0.257,-1.3069,4.8273,5.78,10.3929,3.5901,86.6016,0.7722,94.3167,0.3461,16.3814,-0.2133,0.1684
127,0.776,1.429,0.447,3.198,0.4725,4.0607,3.9252,0.5179,-1.6819,3.1794,6.5737,9.7531,5.1281,132.12,72.64,86.44,0.49,57.157,0.5111,5.3125,4.0611,3.8676,-0.3035,-1.4168,4.8889,5.2163,9.9453,3.497,86.9154,0.6198,84.0711,0.3422,9.6772,-0.3003,0.2681
128,2.242,3.095,1.685,1.837,3.9476,5.6165,5.2227,-0.4464,-1.5564,7.408,9.629,17.037,4.0486,164.21,61.44,87.473,0.695,130.189,0.2599,63.3555,4.9503,3.9687,-0.4769,-1.5705,7.8977,9.1348,17.7678,4.1849,88.8868,0.128,110.9024,0.2513,47.4485,-0.1095,0.8929
129,2.327,2.57,2.198,1.169,4.2524,6.6488,6.2082,-0.4588,-1.5808,8.7629,10.8668,19.6296,4.8236,178.39,49.47,87.292,0.657,9.794,0.2446,60.6823,4.9797,3.9775,-0.4939,-2.0384,8.6927,9.5273,18.9201,4.6916,89.4763,0.0742,32.6113,0.169,48.4551,-0.4336,0.758
130,3.384,3.891,3.439,1.131,8.9925,6.9809,6.6088,0.1902,-1.619,6.9787,17.5892,24.5679,6.2941,161.08,48.53,88.413,0.542,68.967,0.1247,215.4504,4.9927,3.9867,-0.1949,-1.656,8.4429,9.8299,19.3301,5.2483,89.4687,0.1075,100.052,0.2206,49.8767,0.022,0.5167
131,2.687,3.911,2.038,1.919,5.6699,4.4377,4.3676,0.2423,-1.8408,4.0301,8.0686,12.0988,4.7668,138.84,62.48,86.196,0.831,126.025,0.158,58.3121,4.7164,3.9145,-0.106,-1.2333,5.1462,7.8803,13.4261,4.1228,87.2967,0.7304,114.3699,0.3332,40.2092,-0.0033,0.0026
132,3.065,3.806,2.76,1.379,7.3769,5.168,5.0352,0.0107,-1.8288,5.378,9.3134,14.6914,4.7335,37.16,54.06,86.801,0.82,140.317,0.2636,87.5402,4.8331,3.9292,-0.2653,-1.2799,6.0295,8.2782,14.7682,3.9514,88.0478,0.4607,107.2334,0.2991,45.1878,-0.0952,0.4151
133,1.827,3.125,1.122,2.785,2.6216,4.3634,4.2155,-0.3331,-1.7822,5.2879,5.9466,11.2346,3.5048,77.09,70.25,86.568,0.803,160.608,0.4716,30.3764,4.4743,3.8944,-0.2143,-1.3744,4.9975,6.4322,11.3831,3.9375,87.2467,0.8285,107.372,0.3667,22.3445,0.054,-0.4783
134,3.273,3.99,2.92,1.367,8.4134,6.2979,5.8616,-0.4107,-1.605,8.1877,9.9604,18.1481,4.614,96.41,53.81,87.488,0.975,154.771,0.3599,134.9771,4.9717,3.9753,-0.2481,-1.8127,7.7937,9.4358,18.1849,4.9902,89.0877,0.2341,126.0061,0.3012,46.6918,0.0487,-0.6429
135,3.023,3.922,2.651,1.48,7.1788,6.3597,5.9893,-0.3244,-1.6893,7.8921,9.6387,17.5309,4.8258,13.71,55.95,87.527,0.682,80.004,0.2796,112.5848,4.9521,3.9616,-0.4437,-1.3839,8.0325,9.1601,17.9433,4.4554,88.7968,0.1655,79.5676,0.2409,47.3657,-0.1096,0.7596
136,2.606,2.982,2.357,1.265,5.3346,5.4628,4.7555,-0.886,-0.9885,8.7744,9.6206,18.3951,3.2891,144.25,51.68,87.269,0.899,146.838,0.1725,76.0906,4.9762,3.9724,-0.3621,-1.4646,8.2794,9.5316,18.6747,4.7771,89.0874,0.141,107.1362,0.2631,48.6749,-0.103,0.6448
137,5.754,7.228,5.137,1.407,26.0021,7.1221,6.5536,0.0289,-1.5854,7.9143,14.4314,22.3457,5.7006,53.58,54.6,87.736,0.743,147.545,0.2641,450.7158,4.9935,3.9896,-0.1938,-1.6821,8.6207,9.8554,19.4519,5.4248,89.5306,0.1089,150.4109,0.2436,49.7347,0.1067,-0.1268
138,2.5,3.664,1.762,2.08,4.9078,4.8369,3.7135,-0.9478,-0.1576,9.3862,7.7743,17.1605,3.0945,179.41,64.32,87.108,0.862,3.145,0.4283,67.7985,4.9207,3.938,-0.451,-1.4902,7.4536,8.8424,16.9742,3.9994,88.7115,0.257,62.9502,0.213,47.5979,-0.3569,0.6515
139,1.014,1.672,0.618,2.705,0.8078,4.679,4.6398,0.1182,-1.9279,4.477,6.7576,11.2346,4.8149,37.94,69.71,86.551,1.078,112.434,0.3854,9.4673,4.392,3.8717,-0.2028,-0.9463,5.36,6.3945,11.7114,4.1557,86.0345,0.8638,108.9484,0.4097,15.6662,0.1947,-0.1625
140,2.965,3.344,2.9,1.153,6.9044,6.8732,6.3164,-0.3463,-1.6021,8.8358,11.2877,20.1235,5.0388,96.81,49.07,88.101,0.672,43.799,0.3641,137.6711,4.9617,3.9602,-0.3119,-1.4536,7.8686,9.3134,17.9998,4.8862,89.0331,0.3104,71.7462,0.25,47.6748,-0.0047,-0.6207
141,1.91,2.794,1.464,1.909,2.8654,6.1554,5.9921,-0.0447,-1.82,6.5836,10.083,16.6667,5.498,172.8,62.35,87.453,0.734,34.766,0.4956,42.6544,4.9238,3.9498,-0.4068,-1.3251,7.6751,8.9217,17.3403,4.2833,88.5017,0.2177,76.6027,0.26,45.7678,-0.2614,0.6898
142,0.788,1.024,0.62,1.653,0.4877,4.2918,4.0402,-0.5746,-1.5786,5.8226,4.7947,10.6173,3.0933,40.27,58.83,86.857,0.475,125.859,0.5331,6.3248,4.3309,3.9189,-0.1917,-1.8172,4.7211,5.735,10.4134,3.9181,87.664,0.5187,107.1015,0.3752,10.9117,0.1019,-0.3059
143,5.786,9.089,4.01,2.267,26.2917,5.1133,4.6957,-0.2995,-1.5214,6.508,9.4179,15.9259,3.6807,176.66,66.19,86.701,0.878,43.32,0.1872,312.0385,4.8345,3.9036,-0.3899,-1.0256,6.7319,8.3028,15.4881,3.8744,87.848,0.4927,82.485,0.2583,45.6854,-0.2562,0.5102
144,1.494,1.877,1.253,1.498,1.7528,5.3376,4.9453,-0.6914,-1.4301,7.6427,7.7894,15.4321,3.6552,5.85,56.27,86.697,1.372,164.123,0.2668,21.9329,4.805,3.9468,-0.3144,-1.6826,6.659,7.8532,14.5701,4.2918,87.5176,0.235,125.4107,0.3606,23.5232,0.1669,0.6025
145,0.776,1.14,0.526,2.167,0.4725,4.3412,4.2852,-0.1731,-1.9156,4.7994,5.2006,10.0,3.8705,54.65,65.23,86.449,0.821,155.894,0.6902,4.943,4.4727,3.9179,-0.1383,-1.7026,4.8297,6.2567,11.1364,4.2015,87.317,0.6048,123.9983,0.4213,13.9468,0.3259,-0.5177
146,2.625,3.469,2.331,1.488,5.4108,5.3092,5.0516,0.1758,-1.6273,5.3278,9.9808,15.3086,4.8026,35.93,56.1,87.356,0.731,167.925,0.3133,78.6303,4.9053,3.9529,-0.1964,-1.294,6.2577,8.8815,16.0259,4.2486,88.3536,0.376,110.9706,0.2701,48.0937,0.0509,0.3753
147,0.87,0.942,0.81,1.163,0.5944,3.9191,3.5751,-0.8025,-1.2821,5.8884,3.7412,9.6296,2.5668,110.59,49.3,85.281,0.971,113.323,0.1098,5.2687,4.2171,3.8835,-0.2811,-1.4093,4.9948,5.6309,10.5395,3.7351,87.11,0.7726,91.7566,0.3412,13.5765,-0.0913,-0.4158
148,0.913,1.3,0.724,1.797,0.6554,3.8901,3.8584,-0.1182,-1.9431,4.1713,4.841,9.0123,3.5893,58.74,60.91,82.698,1.474,145.101,0.4286,3.5533,4.3031,3.9218,-0.178,-1.9932,4.6682,5.7502,10.4392,3.9861,87.3316,0.6206,110.1013,0.385,9.5716,0.1366,-0.6003
149,1.965,2.631,1.53,1.719,3.0331,5.6439,5.3663,-0.3294,-1.7143,6.9547,8.107,15.0617,4.3686,35.8,59.82,87.783,0.56,117.974,0.5446,54.4751,4.9404,3.9571,-0.256,-1.0876,7.069,9.1635,17.1495,4.4045,88.3133,0.3254,125.8347,0.311,48.4778,0.0701,0.5574
150,2.185,2.675,1.867,1.432,3.7494,5.8575,5.4371,-0.2814,-1.5862,7.3146,10.3397,17.6543,4.3924,3.66,55.08,88.222,0.404,53.501,0.1064,80.1289,4.9565,3.9747,-0.4381,-1.8607,7.9101,9.1742,17.8968,4.293,89.1144,0.0959,67.0148,0.2181,47.4246,-0.2438,0.8979
151,3.673,4.41,3.297,1.337,10.5929,6.1877,5.2931,-0.2867,-1.1942,8.4651,14.2509,22.716,4.042,162.34,53.21,87.636,0.795,155.164,0.3091,173.1542,4.976,3.9773,-0.2937,-1.4897,8.1693,9.5873,18.7387,4.8642,89.0003,0.1466,142.0841,0.281,48.673,0.0191,0.6091
152,6.707,7.728,6.278,1.231,35.33,7.7686,6.8506,-0.2103,-1.3852,10.0526,19.0832,29.1358,5.6952,98.81,50.91,88.18,0.549,103.887,0.0768,746.1025,4.9972,3.9919,-0.184,-1.7125,9.1594,9.9297,19.7536,5.9269,89.6427,0.076,117.8119,0.1934,49.8693,0.0488,-0.2081
153,1.545,1.902,1.359,1.4,1.8747,5.0912,4.7649,-0.4292,-1.6082,6.6229,7.2042,13.8272,3.7495,88.25,54.45,87.816,0.741,167.863,0.3144,32.997,4.8179,3.9561,-0.2044,-1.8373,5.661,7.695,13.5036,4.2972,88.5093,0.3723,126.6599,0.3884,31.1303,0.322,-0.5947
154,0.847,1.237,0.633,1.954,0.5639,3.8627,3.7387,-0.4516,-1.7581,4.8765,4.0123,8.8889,3.0314,101.62,62.89,82.528,1.581,157.41,0.0204,2.8641,4.1856,3.8845,-0.2017,-1.6036,4.7296,5.6229,10.4305,3.8744,86.5768,0.8409,102.0623,0.3762,10.9138,-0.0234,-0.4651
155,3.222,4.005,3.05,1.313,8.1542,5.0326,4.8451,0.015,-1.7389,5.3345,10.5915,15.9259,4.4459,64.36,52.71,87.606,0.554,174.064,0.3816,128.294,4.9082,3.9566,-0.1545,-1.4726,6.0393,8.7823,15.5738,4.4024,88.5855,0.4319,121.5717,0.3142,46.4306,0.1513,-0.2823
156,2.009,3.039,1.424,2.134,3.1702,5.5748,5.286,-0.343,-1.6813,6.9378,8.3708,15.3086,4.2694,74.73,64.89,87.492,0.648,58.567,0.1575,48.3027,4.9409,3.9766,-0.2585,-2.0986,7.2656,8.9795,17.1359,4.761,89.2354,0.1688,81.965,0.2544,41.7598,0.098,-0.5011
157,3.074,4.059,2.669,1.521,7.4226,6.1955,5.6902,0.2637,-1.1498,6.462,17.1183,23.5802,5.1664,132.09,56.68,88.271,0.524,87.668,0.2857,165.6354,4.9852,3.9881,-0.1818,-2.3734,7.9142,9.611,18.6746,5.2253,89.5739,0.1069,99.1348,0.2531,48.0059,0.0525,-0.6512
158,3.619,4.25,3.244,1.31,10.2881,5.3807,4.9408,-0.4094,-1.5397,7.0853,9.7048,16.7901,3.8256,93.85,52.65,87.051,0.84,121.035,0.3658,135.7657,4.9445,3.9487,-0.1877,-1.4297,7.0188,9.1883,17.2265,4.7493,88.693,0.4702,91.6293,0.2926,47.9248,0.019,-0.6118
159,7.042,8.262,6.599,1.252,38.9422,7.3639,6.6323,-0.0394,-1.523,8.6352,15.0685,23.7037,5.6876,9.96,51.39,87.709,0.717,103.463,0.0787,676.9987,4.9729,3.9591,-0.3859,-0.9297,8.5573,9.6137,18.9924,4.8926,88.6973,0.2392,102.0542,0.2227,49.2417,-0.1024,0.6099
160,4.466,5.402,4.138,1.306,15.6683,6.6883,6.3126,-0.1704,-1.7054,7.8224,11.8073,19.6296,5.3338,55.35,52.55,87.864,0.699,159.459,0.2223,286.2744,4.992,3.994,-0.1526,-2.1678,8.1548,9.7518,19.0512,5.4516,89.6671,0.0707,155.4935,0.3045,48.7775,0.4484,-0.4039
161,3.288,4.144,2.766,1.498,8.4896,5.7407,5.4122,-0.3362,-1.6834,7.1524,8.6501,15.8025,4.3531,25.67,56.28,87.316,0.8,29.003,0.2019,121.4471,4.9419,3.9388,-0.35,-0.6574,7.8318,9.2069,17.882,4.6381,88.2931,0.4138,95.557,0.2775,48.1739,0.0472,0.374
162,1.4,1.574,1.367,1.151,1.5394,5.0377,4.8076,-0.2375,-1.7404,5.9741,7.6061,13.5802,4.0222,123.94,49.01,87.629,0.444,173.699,0.2735,26.1004,4.503,3.878,-0.2678,-1.3143,5.252,6.7004,11.8512,3.7353,87.0751,0.7067,99.2991,0.3337,27.3074,-0.1977,-0.0393
163,2.716,3.468,2.23,1.555,5.7918,5.6501,4.8329,-0.628,-1.1209,8.65,10.3623,19.0123,3.604,7.27,57.26,87.835,0.761,148.968,0.3935,107.3049,4.9833,3.9846,-0.3458,-1.7871,8.3356,9.6427,18.8776,4.834,89.2472,0.0789,140.694,0.2518,48.9618,0.0762,0.8178
164,3.923,4.181,3.885,1.076,12.0866,7.2709,6.6607,-0.2221,-1.5731,8.9772,12.9981,21.9753,5.3455,153.17,47.1,87.977,0.598,12.929,0.1063,227.5995,4.9855,3.9773,-0.4417,-1.6631,8.6159,9.6691,19.047,4.7312,89.3729,0.1127,69.6057,0.1737,49.5674,-0.2801,0.6104
165,1.024,1.789,0.705,2.539,0.823,4.4253,4.3774,0.2362,-1.8974,3.9794,6.3909,10.3704,4.8637,79.97,68.5,86.083,0.776,37.521,0.284,8.3847,4.2879,3.8995,-0.2242,-1.459,4.9539,5.8432,10.6189,3.9813,87.0783,0.7466,106.3957,0.3749,12.603,0.1945,-0.5238
166,1.393,2.527,1.053,2.398,1.5242,5.1797,5.0528,0.427,-1.7624,4.245,9.3352,13.5802,6.2402,30.9,67.37,86.201,0.922,88.185,0.308,15.7888,4.7749,3.9604,-0.2887,-1.8638,6.2788,7.2499,13.708,4.4018,88.3182,0.207,94.0408,0.3387,17.577,0.3688,0.2144
167,5.7,6.988,5.041,1.386,25.5144,6.5171,6.0972,-0.3532,-1.6179,8.2673,11.1154,19.3827,4.8405,49.25,54.2,87.347,0.73,170.89,0.193,377.2215,4.9822,3.983,-0.1975,-1.5215,8.0352,9.6339,18.7465,5.271,89.2282,0.1737,135.0285,0.282,48.7341,0.3623,-0.2332
168,3.192,3.758,2.883,1.303,8.0018,6.0606,5.0279,-0.6228,-0.9679,9.5962,10.6507,20.2469,3.8282,33.16,52.5,87.838,0.721,157.787,0.1653,146.9495,4.9691,3.9766,-0.2811,-1.5703,7.9282,9.472,18.3587,4.815,88.9139,0.1357,114.3068,0.2651,48.0199,0.0457,0.7213
169,1.975,3.532,1.169,3.022,3.0636,6.6282,6.5044,-0.1292,-1.8736,7.2626,11.1325,18.3951,5.8896,164.87,71.69,88.025,0.715,79.944,0.4768,59.0254,4.9357,3.9503,-0.3731,-1.0908,7.5537,9.003,17.292,4.392,88.5189,0.2481,84.057,0.2884,47.7299,0.0195,0.768
170,6.491,8.32,5.444,1.528,33.0895,6.3985,5.9245,-0.0545,-1.6202,7.3053,12.9416,20.2469,5.0355,126.49,56.8,87.308,0.814,127.949,0.1435,484.7748,4.9517,3.9394,-0.3472,-1.1267,7.9299,9.3686,18.2199,4.5836,88.5779,0.3811,77.8211,0.2181,48.6679,-0.3265,0.0639
171,1.576,1.785,1.459,1.223,1.9509,5.4457,5.25,-0.3761,-1.761,6.7225,7.1046,13.8272,4.3066,126.95,50.74,86.476,0.852,42.52,0.1432,21.9172,4.6325,3.899,-0.3451,-1.5054,6.0684,6.9737,13.1336,3.9516,87.9536,0.5657,66.0512,0.2949,24.6962,-0.2428,-0.4802
172,1.859,2.335,1.552,1.504,2.713,4.3355,4.2039,-0.2996,-1.7994,5.1687,6.1893,11.358,3.5426,15.49,56.39,86.353,0.696,89.812,0.4684,29.0182,4.5749,3.8477,-0.3202,-0.6781,5.7321,7.0557,12.7394,3.7451,86.1764,0.8076,102.5865,0.3463,36.708,-0.0577,0.6074
173,1.277,1.675,1.001,1.673,1.2803,5.691,5.3086,-0.6404,-1.4983,7.963,6.2346,14.1975,3.9815,109.42,59.13,87.22,0.819,52.734,0.4063,17.727,4.6432,3.9091,-0.3954,-1.4842,6.3564,6.7528,13.1215,4.0586,88.3783,0.5229,60.8365,0.3186,18.6644,-0.0565,-0.5905
174,3.673,5.031,2.842,1.77,10.5929,6.2155,5.8082,-0.3575,-1.6512,7.8745,10.644,18.5185,4.6567,0.55,60.54,87.533,0.887,114.853,0.3367,173.4294,4.9828,3.981,-0.3016,-1.4617,8.2144,9.6405,18.859,4.9144,89.1686,0.1181,126.3118,0.2448,49.4235,0.1497,0.7761
175,2.661,4.413,1.731,2.55,5.5632,4.8244,4.608,-0.368,-1.7091,6.0087,6.9542,12.963,3.7369,178.9,68.59,86.393,1.029,78.257,0.3229,59.6757,4.8361,3.928,-0.3465,-1.1043,6.3836,8.2205,14.9407,3.8961,87.8237,0.3811,107.3555,0.29,45.9628,0.0611,0.7527
176,0.87,1.203,0.771,1.561,0.5944,4.1852,4.1522,0.0954,-1.931,4.0509,5.7022,9.7531,4.2587,154.88,57.35,86.229,0.692,71.556,0.3511,6.3882,4.274,3.8989,-0.3109,-1.5959,5.1748,5.5228,10.4902,3.7007,87.3586,0.4674,83.075,0.3328,9.3845,-0.1192,0.2829
177,0.975,1.806,0.557,3.241,0.7468,4.2087,4.1076,0.417,-1.7667,3.4712,6.8992,10.3704,5.0297,139.15,72.85,85.952,0.764,36.692,0.4115,6.9499,4.2467,3.882,-0.29,-1.3565,5.2026,5.7011,10.7015,3.7826,87.0376,0.697,86.7119,0.348,11.7054,-0.0841,-0.2142
178,1.214,1.573,0.974,1.615,1.1584,4.7104,4.3119,-0.634,-1.4067,6.7075,6.7493,13.4568,3.1772,171.64,58.23,87.273,0.481,90.868,0.1733,16.9994,4.4819,3.9177,-0.3943,-1.6602,5.7299,6.017,11.5678,3.6817,87.8719,0.3311,76.9026,0.3007,15.0802,-0.0775,0.4921
179,3.346,3.682,3.257,1.13,8.7944,5.3735,4.8238,-0.6329,-1.3702,7.7614,7.3003,15.0617,3.517,155.14,48.5,86.96,0.762,84.425,0.2579,111.8472,4.8687,3.8672,-0.5754,-0.3292,7.6184,8.2259,16.1996,3.8469,87.4046,0.48,104.3447,0.3619,46.149,-0.0681,0.7502
180,5.91,8.4,4.89,1.718,27.4348,8.4513,8.0423,0.355,-1.6126,7.6623,17.5229,25.1852,8.5538,47.36,59.79,88.281,0.592,109.234,0.251,608.9771,4.9905,3.9821,-0.2652,-1.4367,8.8678,9.8004,19.422,5.5909,89.3183,0.1304,93.8198,0.2194,49.3983,0.1239,0.0035
181,4.361,5.743,3.609,1.592,14.9367,5.1238,4.8926,-0.1356,-1.707,5.8554,10.3174,16.1728,4.2097,6.95,57.86,87.14,0.822,118.652,0.1921,202.3329,4.9298,3.9629,-0.2628,-1.4816,6.9816,9.0331,16.8862,4.3737,88.5051,0.2147,132.5327,0.294,46.3468,0.0443,0.6834
182,4.67,5.051,4.755,1.062,17.1315,7.538,6.2608,-0.8114,-0.8627,12.575,12.8571,25.4321,4.7004,78.57,46.73,88.219,0.542,107.954,0.3134,382.6128,4.9961,3.9932,-0.3346,-2.1394,8.9377,9.822,19.4617,5.6484,89.802,0.0566,121.4646,0.2789,49.3849,0.4117,-0.6465
183,6.888,9.147,5.519,1.658,37.2657,7.0345,6.5669,-0.0281,-1.6553,7.8727,15.0903,22.963,5.7502,175.12,58.9,87.906,0.603,144.102,0.1579,693.9037,4.985,3.9874,-0.3006,-1.7496,8.4398,9.6951,19.0383,5.0563,89.1833,0.078,143.5408,0.2413,48.7721,0.1425,0.7919
184,3.361,3.551,3.276,1.084,8.8706,6.0621,5.0178,-0.3764,-1.1152,8.78,12.2076,20.9877,3.738,34.7,47.31,88.095,0.677,70.976,0.4465,174.0899,4.9646,3.9662,-0.2704,-1.1241,7.6737,9.3467,17.9556,4.8042,88.7767,0.2543,86.1493,0.2809,48.8806,0.2159,0.4397
185,1.706,2.248,1.348,1.667,2.2862,4.2135,3.0976,-1.4997,0.6769,9.059,4.2743,13.3333,2.112,90.17,59.05,86.441,0.75,82.259,0.4604,24.9994,4.4773,3.8209,-0.4044,-0.5243,6.4209,6.6424,13.0477,4.0492,86.2346,1.196,79.7788,0.3578,24.384,0.09,-0.4856
186,1.999,2.439,1.668,1.462,3.1398,4.6189,3.4685,-1.2623,0.1777,9.2793,6.5231,15.8025,2.3623,107.21,55.63,87.489,0.813,54.499,0.2651,49.7605,4.7864,3.8946,-0.2984,-1.1881,6.5012,7.9968,14.79,4.277,87.7857,0.8472,67.2836,0.3042,40.4553,-0.0593,-0.6704
187,1.666,2.132,1.356,1.573,2.1795,2.745,1.6026,-2.8139,8.9504,10.9342,3.8807,14.8148,1.2521,85.21,57.55,86.533,0.728,94.764,0.4369,25.0017,4.2789,3.6612,-0.3873,0.0915,6.2007,6.3791,12.5528,3.9813,83.6691,2.3516,83.6564,0.3831,26.8228,0.0506,-0.4233
188,4.298,5.094,3.877,1.314,14.51,7.5558,6.8489,-0.3906,-1.46,10.1126,15.0726,25.1852,5.3385,19.79,52.73,88.131,0.688,101.768,0.2306,301.4071,4.9864,3.9863,-0.3159,-1.6843,8.7174,9.6966,19.1895,5.3215,89.2529,0.0766,100.8821,0.2346,48.4479,0.163,0.6989
189,3.308,4.035,2.795,1.443,8.5963,5.6354,3.9102,-1.5219,1.3026,13.2474,8.6044,21.8519,2.7549,1.84,55.29,87.632,0.737,14.075,0.1534,147.7503,4.9919,3.9846,-0.53,-1.9975,9.0255,9.7611,19.3929,4.8437,89.5895,0.0576,59.1531,0.1591,49.6273,-0.3357,0.8109
190,2.158,2.611,1.938,1.348,3.658,4.9887,4.5533,-0.6211,-1.4166,7.1068,6.7203,13.8272,3.4101,91.29,53.42,87.051,1.025,74.904,0.3766,48.6829,4.8451,3.9205,-0.2948,-1.2571,6.6233,8.1007,15.0442,4.4545,88.2365,0.6109,83.7044,0.3405,38.7631,0.188,-0.6533
191,9.136,9.699,9.168,1.058,65.554,7.5898,7.2716,0.1549,-1.6908,7.5839,18.4655,26.0494,7.0535,66.95,46.61,87.819,0.721,157.068,0.1328,1188.2906,4.9968,3.9929,-0.2572,-1.8762,9.2069,9.9156,19.7312,5.9207,89.6433,0.0732,139.4793,0.2101,49.7005,0.2178,-0.526
192,1.588,2.486,1.163,2.138,1.9814,6.4532,6.2914,-0.1917,-1.8443,7.3186,8.9777,16.2963,5.5171,16.59,64.93,87.783,0.598,108.285,0.7567,35.1911,4.8934,3.9635,-0.3742,-1.5048,7.0651,8.2829,15.7328,4.369,88.2429,0.1775,117.9787,0.3438,36.8344,0.342,0.6725
193,1.677,2.409,1.314,1.834,2.21,5.0759,4.8318,-0.4317,-1.678,6.4892,8.0787,14.5679,3.8488,92.82,61.4,86.979,0.968,115.805,0.2109,28.9587,4.8436,3.9529,-0.2524,-1.8256,6.1434,7.8288,14.2454,4.4275,88.7003,0.3678,103.0914,0.3521,31.4938,0.2779,-0.6622
194,3.112,3.844,2.672,1.438,7.6055,7.3277,6.1945,-0.2681,-1.2211,10.103,13.4772,23.5802,4.9074,24.27,55.19,88.156,0.7,92.543,0.1915,163.8863,4.977,3.9691,-0.3847,-0.8931,8.6838,9.5962,18.9898,5.1363,88.8128,0.1899,99.2793,0.2527,48.7893,0.1849,0.5322
195,2.31,3.119,1.791,1.741,4.1914,4.6126,4.4067,-0.4238,-1.7043,5.8534,5.875,11.7284,3.5333,55.82,60.13,86.017,0.812,173.529,0.1472,40.1277,4.8256,3.9279,-0.28,-1.2449,6.0435,7.9671,14.1572,4.1809,88.0702,0.5586,123.5749,0.3533,41.1762,0.2765,-0.2846
196,1.843,2.232,1.636,1.364,2.6673,3.8749,3.0971,-1.3234,-0.0673,7.4398,3.7948,11.2346,1.9556,4.05,53.76,85.534,0.911,101.714,0.1569,23.8534,4.5308,3.8876,-0.519,-1.5342,6.1022,6.0528,11.9927,3.4417,87.5549,0.3185,88.9771,0.3083,21.5248,-0.1219,0.7567
197,1.822,2.546,1.526,1.668,2.6063,4.2975,4.241,-0.059,-1.9148,4.5219,5.9719,10.4938,3.993,90.34,59.06,86.159,1.06,20.566,0.1773,27.2553,4.5031,3.9199,-0.3139,-1.6586,5.3427,6.3441,11.2887,3.8704,87.9952,0.6438,87.6797,0.3191,18.8113,0.0691,-0.6742
198,1.654,1.793,1.651,1.086,2.1491,4.1325,3.3781,-1.1576,-0.4184,7.4936,4.8521,12.3457,2.2116,53.27,47.36,86.132,0.95,122.912,0.3359,21.9438,4.4509,3.8629,-0.2966,-0.7831,5.7087,6.4085,12.0671,4.0939,86.7227,0.9603,93.6594,0.3646,21.0997,0.2312,-0.3494
199,1.729,2.306,1.349,1.709,2.3472,5.6158,4.2908,-1.4149,0.7039,12.4966,6.5158,19.0123,3.0649,178.85,59.67,88.212,0.693,171.905,0.8346,49.262,4.97,3.9744,-0.4329,-1.3393,8.2792,9.4889,18.5185,4.5241,88.9589,0.1221,148.6967,0.2828,48.336,0.0139,0.8072
200,1.052,2.147,0.548,3.918,0.8688,4.169,4.1276,0.1519,-1.9089,3.9311,6.3158,10.2469,4.3449,72.28,75.68,86.272,1.212,155.839,0.517,9.3823,4.3873,3.9196,-0.1716,-1.7564,4.7988,5.9341,10.7053,4.1074,87.5704,0.5872,115.8365,0.4023,11.4352,0.2962,-0.5335
201,4.434,5.993,3.702,1.619,15.4397,7.0297,6.6373,-0.1621,-1.6866,8.2067,13.6452,21.8519,5.6081,2.37,58.29,87.998,0.591,99.436,0.1223,299.3616,4.9902,3.9879,-0.3145,-1.6112,8.6774,9.7783,19.296,5.1538,89.2653,0.071,109.7408,0.2058,49.603,0.0864,0.874
202,1.182,1.576,1.184,1.33,1.0974,4.2736,4.1992,0.3316,-1.8349,3.6743,6.4491,10.1235,4.8991,82.78,53.07,85.617,1.068,128.839,0.0788,9.7888,4.5417,3.953,-0.3571,-2.2163,5.5294,6.0865,11.4687,3.813,88.917,0.2815,72.7877,0.2882,10.9246,-0.0689,-0.6238
203,2.297,2.547,2.133,1.194,4.1457,6.2292,5.0656,-0.7683,-0.8686,10.2548,8.881,19.1358,3.5757,63.81,50.06,87.857,0.511,1.528,0.2436,73.8201,4.9763,3.9718,-0.4516,-1.6664,8.481,9.3035,18.3736,5.1039,89.368,0.1443,47.7755,0.2556,46.6351,0.2904,-0.539
204,2.831,3.811,2.43,1.569,6.2948,5.9683,5.6637,0.0652,-1.6452,6.323,12.3189,18.642,5.1289,178.32,57.48,88.03,0.672,106.717,0.4608,124.3788,4.9154,3.9434,-0.3413,-1.3711,6.9613,8.7809,16.5187,4.1379,88.4543,0.2944,89.6326,0.2946,47.7192,-0.0859,0.7138
205,2.071,2.468,1.799,1.372,3.3684,6.0021,4.5608,-1.172,0.1268,12.1967,8.9144,21.1111,3.4465,168.11,53.91,88.007,0.561,170.709,0.636,63.1074,4.9806,3.9793,-0.3912,-1.4125,8.4954,9.6599,18.9724,4.7177,89.1226,0.1133,148.5465,0.2757,49.0241,-0.1067,0.7703
206,0.881,1.23,0.644,1.911,0.6097,4.2361,3.9451,-0.6293,-1.4946,5.9177,4.6996,10.6173,2.9588,78.83,62.37,86.276,0.864,158.761,0.3647,6.8046,4.2271,3.8924,-0.209,-1.4481,4.9091,5.7697,10.5805,3.9818,86.8567,0.7892,102.0629,0.3756,11.434,0.1301,-0.5002
207,1.551,2.571,1.128,2.28,1.89,4.7109,4.5741,0.4436,-1.6624,3.8984,10.2992,14.1975,5.5331,61.63,66.31,87.625,0.429,141.607,0.6547,30.4511,4.7914,3.9548,-0.1839,-1.9206,5.6172,7.5269,13.3094,4.4071,88.3922,0.3782,123.6934,0.3997,24.884,0.3614,-0.6387
208,5.233,6.377,4.733,1.347,21.5059,6.1546,5.6476,-0.1149,-1.6009,7.2822,11.4832,18.7654,4.7221,14.02,53.42,87.631,0.816,148.834,0.3679,362.8838,4.9895,3.9938,-0.1959,-2.1404,8.0045,9.7153,18.8438,5.0626,89.5639,0.0483,145.7399,0.2575,49.2461,0.3478,0.7217
209,2.09,2.393,1.886,1.268,3.4294,5.7352,4.9807,-0.5275,-1.2508,8.3241,9.2068,17.5309,3.7239,91.74,51.75,87.897,0.47,88.917,0.2152,62.9591,4.9363,3.9631,-0.2282,-1.7426,7.0408,8.9886,16.8839,4.6841,88.9559,0.3015,80.5466,0.271,45.1494,0.008,-0.6373
210,2.31,2.907,1.949,1.491,4.1914,4.344,3.4113,-1.1365,-0.1783,8.2043,8.9562,17.1605,2.3167,86.68,56.16,87.186,0.84,5.745,0.2522,58.2053,4.8873,3.9151,-0.2932,-0.9484,7.1419,8.7292,16.5839,4.5665,88.2385,0.6502,64.2208,0.2801,45.6964,-0.007,-0.5347
211,2.211,2.744,2.186,1.255,3.8409,5.6724,5.3378,-0.1645,-1.6601,6.6628,10.3742,17.037,4.52,65.23,51.46,88.476,0.408,105.755,0.5448,93.1024,4.9113,3.9167,-0.2336,-0.6627,7.0141,8.9029,16.7223,4.6697,87.8483,0.7674,98.4848,0.3422,47.4421,0.2014,-0.3656
212,1.132,1.54,0.897,1.716,1.0059,4.5225,4.2706,-0.4362,-1.6373,5.844,6.6251,12.4691,3.3647,101.13,59.76,87.027,0.754,91.273,0.1676,13.1539,4.5461,3.9487,-0.2358,-2.028,5.1415,6.1776,11.2449,4.0519,88.295,0.3666,111.8752,0.3646,11.9858,0.2588,-0.5484
213,6.058,7.798,5.002,1.559,28.8218,6.9458,6.3967,-0.039,-1.4334,8.0558,18.2405,26.2963,5.3828,133.6,57.32,87.715,0.681,30.168,0.1994,498.3414,4.9814,3.9765,-0.334,-1.9561,8.5736,9.6655,19.0917,5.0135,89.4001,0.1257,44.0999,0.1658,48.7496,-0.4765,-0.0396
214,3.255,3.796,3.088,1.229,8.3219,6.1103,5.8448,-0.071,-1.7365,6.7673,11.6278,18.3951,5.1436,115.22,50.87,87.851,0.508,34.025,0.0654,151.1956,4.9549,3.9452,-0.2653,-1.7906,7.4972,9.3203,17.847,4.6504,89.0095,0.3913,47.1336,0.2025,48.6698,-0.4073,-0.6833
215,2.484,3.848,1.745,2.205,4.8468,6.6977,6.0449,-0.6008,-1.3739,9.5609,9.8219,19.3827,4.4196,91.1,65.6,88.119,0.538,176.094,0.5029,102.2199,4.9856,3.9808,-0.2446,-1.9206,8.0137,9.6545,18.6878,5.0658,89.333,0.187,136.0589,0.2931,49.0354,0.0717,-0.5887
216,1.859,2.019,1.79,1.128,2.713,5.0752,4.6555,-0.4295,-1.5277,6.7357,8.2026,14.9383,3.557,140.74,48.43,87.49,0.511,71.518,0.4873,41.8679,4.8229,3.895,-0.2655,-0.8355,6.398,8.4252,15.4713,4.1219,87.3876,0.739,101.0425,0.3121,45.764,-0.1211,0.1739
217,3.213,3.552,2.987,1.189,8.1085,5.4777,4.644,-0.7764,-1.0351,8.7488,8.4117,17.1605,3.4189,167.48,49.94,87.348,0.791,24.087,0.4143,118.8197,4.9471,3.9633,-0.4186,-1.7201,7.7234,9.1049,17.6079,4.2325,88.9546,0.1473,61.1942,0.2227,47.4499,-0.3305,0.7807
218,5.05,6.034,4.48,1.347,20.0274,7.3675,6.1466,-0.7431,-0.9138,12.0414,13.0203,25.0617,4.6152,75.22,53.41,87.884,0.721,43.574,0.0725,370.9993,4.985,3.9644,-0.304,-0.7731,8.9223,9.7767,19.4113,5.5402,88.8908,0.2708,116.1914,0.2493,49.156,0.0674,-0.2477
219,1.526,2.671,0.945,2.825,1.829,5.4264,5.0833,-0.3921,-1.6196,6.9619,8.7171,15.679,4.0031,172.08,70.51,87.785,0.486,81.378,0.5215,33.3154,4.7573,3.8813,-0.5185,-0.9556,6.987,7.5268,14.7222,3.7108,87.41,0.3807,82.4513,0.3166,38.548,-0.1748,0.8344
220,5.075,6.067,4.651,1.305,20.2256,8.178,7.7301,-0.2917,-1.6923,10.0069,13.4499,23.4568,6.3066,132.46,52.53,87.785,0.653,57.869,0.2607,357.1304,4.9956,3.9826,-0.3388,-1.8199,9.2461,9.9052,19.7257,5.5835,89.5235,0.1142,61.9308,0.1489,49.8425,-0.4596,-0.1645
221,3.291,4.591,2.957,1.553,8.5048,6.3196,6.2049,0.187,-1.8045,5.9734,12.9155,18.8889,6.4551,101.92,57.22,86.909,0.728,36.76,0.3058,108.3284,4.9787,3.9609,-0.2972,-1.2936,8.2086,9.4924,18.4342,5.2017,89.223,0.2733,59.0807,0.3008,48.4586,0.1663,-0.6355
222,0.763,1.112,0.544,2.045,0.4572,4.2241,4.1579,-0.167,-1.8991,4.6776,5.3224,10.0,3.7421,28.2,63.94,86.373,0.875,102.703,0.2835,5.0001,4.429,3.9195,-0.2718,-1.5304,5.2258,5.9267,10.942,3.9106,87.4767,0.4569,103.5831,0.3517,12.7774,0.1422,0.0652
223,1.238,1.856,0.922,2.014,1.2041,5.8457,5.7304,-0.1911,-1.8755,6.5758,8.3624,14.9383,5.0775,113.88,63.59,87.204,0.599,24.4,0.3048,17.2918,4.6563,3.9153,-0.3887,-1.5658,6.3205,6.8342,13.144,4.0224,88.3295,0.4308,59.1247,0.2961,19.3663,-0.0927,-0.3575
224,5.544,6.749,4.851,1.391,24.1427,7.3002,6.6495,-0.4488,-1.5025,9.8597,11.4984,21.358,5.1903,150.47,54.29,88.032,0.58,159.043,0.1597,473.0505,4.9942,3.986,-0.2956,-1.6444,8.9912,9.8781,19.5985,5.3848,89.4727,0.0937,124.9302,0.2095,49.779,-0.1985,0.4403
225,2.991,4.232,2.225,1.902,7.0264,6.3145,5.4978,-0.2568,-1.3063,8.4196,11.9508,20.3704,4.3674,4.69,62.27,88.035,0.506,165.096,0.0768,139.126,4.9631,3.962,-0.3644,-1.1461,7.8734,9.4375,18.2632,4.4358,88.7514,0.2084,124.6814,0.2798,49.1969,-0.0691,0.7948
226,2.131,2.833,1.821,1.555,3.5665,6.0168,5.6112,-0.3766,-1.6251,7.6999,9.2136,16.9136,4.4311,107.35,57.26,87.893,0.414,71.034,0.3138,67.9309,4.9136,3.918,-0.328,-1.1885,7.3881,8.9337,17.0781,4.5389,88.3762,0.566,78.5313,0.2761,46.4813,-0.1237,-0.5674
227,3.177,3.768,2.818,1.337,7.9256,5.2789,4.397,-0.9363,-0.7527,9.0187,7.7714,16.7901,3.197,151.72,53.2,87.406,0.972,13.794,0.1913,119.8352,4.9418,3.932,-0.3986,-1.3244,7.892,9.1558,17.8228,4.3955,88.77,0.2884,39.3402,0.222,47.8129,-0.4424,0.4867
228,1.95,3.457,1.156,2.991,2.9873,5.9439,4.7388,-1.0925,-0.2422,11.2966,8.58,19.8765,3.3474,179.37,71.51,88.094,0.621,6.294,0.2524,62.1576,4.983,3.9686,-0.3833,-1.4177,8.4209,9.6195,18.848,4.7813,89.1363,0.1457,51.305,0.2183,49.6443,-0.1463,0.7643
229,1.222,1.703,0.923,1.844,1.1736,4.8453,4.7302,-0.2779,-1.8415,5.6762,6.546,12.2222,4.0544,44.77,61.53,87.186,0.975,139.506,0.5359,16.9537,4.6658,3.9501,-0.1997,-1.68,5.3445,6.8435,12.0341,4.1836,88.1571,0.3591,126.8094,0.3955,18.7592,0.3528,-0.2236
230,4.028,5.226,3.251,1.608,12.742,5.2414,4.3112,-0.7052,-0.9076,8.4408,9.2135,17.6543,3.0858,177.18,58.12,87.229,0.759,93.094,0.1024,182.3311,4.9477,3.9567,-0.4235,-1.5299,7.573,9.2028,17.6094,4.1069,88.8598,0.2067,103.2145,0.2325,48.7978,-0.2218,0.7706
231,4.251,5.027,4.191,1.2,14.1899,6.0281,5.8394,-0.2254,-1.8152,6.9828,9.19,16.1728,5.0177,131.02,50.18,86.308,0.794,34.164,0.2777,151.3814,4.9555,3.9091,-0.4289,-1.7212,8.1286,9.2468,18.1744,4.4881,89.1238,0.2968,20.6915,0.1939,48.1531,-0.6429,-0.2289
232,4.601,6.381,4.505,1.417,16.6286,4.717,4.5536,0.2556,-1.4785,4.5309,14.358,18.8889,4.5766,85.88,54.78,86.578,1.029,10.551,0.227,190.536,4.9112,3.9416,-0.1657,-1.7419,6.5227,8.9495,16.4468,4.5301,88.7228,0.5242,64.8098,0.2421,46.6266,-0.2495,-0.6923
233,1.042,1.854,0.617,3.007,0.8535,5.6812,5.6047,0.3033,-1.8751,4.9231,8.9041,13.8272,6.5055,123.82,71.61,85.381,0.991,53.392,0.3976,7.4141,4.5867,3.9211,-0.3654,-1.7086,6.1442,6.6035,12.6907,3.9363,88.2623,0.3321,54.5832,0.2821,14.3584,-0.2317,-0.114
234,2.845,3.485,2.387,1.46,6.3557,4.9623,4.7282,-0.2053,-1.6941,5.8476,8.7203,14.5679,3.9685,31.28,55.6,87.072,0.807,126.426,0.3498,87.5317,4.8965,3.9335,-0.1811,-0.9089,6.3715,8.8468,16.0932,4.3669,87.8726,0.5509,115.4321,0.3422,47.973,0.1432,0.3843
235,1.838,4.027,0.865,4.656,2.652,7.4043,5.7786,-1.2424,-0.0677,14.3198,8.89,23.2099,3.7999,2.96,77.88,88.135,0.635,116.288,0.249,56.8414,4.9779,3.9685,-0.4185,-0.9201,8.8159,9.6615,19.1904,5.0003,88.8657,0.1512,124.386,0.2596,48.8455,-0.0282,0.7883
236,3.378,4.716,2.818,1.673,8.962,8.0566,7.5014,-0.4315,-1.6301,10.5118,11.9573,22.4691,6.0329,69.72,59.14,87.957,0.713,147.065,0.327,180.5205,4.9901,3.9932,-0.1895,-2.4814,8.0293,9.6695,18.8566,5.345,89.7462,0.0612,160.5892,0.3511,47.9226,0.5199,-0.4919
237,2.372,4.587,1.281,3.581,4.4201,4.8867,3.4947,-0.7299,-0.0151,9.3457,10.9012,20.2469,2.9688,178.12,74.4,87.631,0.909,165.188,0.6516,71.343,4.9562,3.9644,-0.4376,-1.4606,8.0073,9.3591,18.1107,4.3051,88.781,0.1466,133.7755,0.2694,47.9557,-0.1135,0.8977
238,2.824,3.822,2.348,1.628,6.2643,6.312,5.877,0.088,-1.5701,6.7785,15.6906,22.4691,5.2216,40.08,58.43,87.82,0.759,8.39,0.3158,112.0781,4.9491,3.93,-0.2526,-0.8571,8.0061,9.3815,18.303,4.953,88.3116,0.4042,45.7678,0.2481,48.2214,-0.1972,0.1559
239,3.001,4.267,2.211,1.929,7.0721,8.0607,7.3083,-0.5679,-1.4478,11.3172,11.5223,22.8395,5.5297,172.75,62.6,88.095,0.716,100.68,0.0412,150.02,4.9945,3.9875,-0.3407,-1.1634,9.1247,9.8813,19.6487,5.4087,89.4536,0.0789,113.5324,0.201,49.8607,-0.0028,0.8267
240,3.725,4.306,3.482,1.236,10.8977,5.7933,5.1325,-0.4519,-1.4117,8.0053,10.2663,18.2716,3.9222,137.67,51.03,87.618,0.698,98.052,0.0522,175.2351,4.9787,3.9633,-0.2361,-1.4266,7.9756,9.6423,18.6904,4.8944,89.0503,0.2843,79.4487,0.2326,49.583,-0.183,0.0734
241,5.426,7.212,4.472,1.613,23.1215,6.4928,6.0246,-0.2038,-1.583,7.8821,15.5747,23.4568,4.9419,105.16,58.19,87.823,0.699,176.003,0.2424,408.3094,4.9641,3.9489,-0.216,-0.8834,8.0098,9.5609,18.6216,5.0815,88.3369,0.4751,139.7228,0.3134,48.3341,-0.0057,-0.3367
242,4.501,6.723,3.307,2.033,15.9122,6.3581,6.2321,0.2226,-1.7898,5.9108,12.8546,18.7654,6.5902,137.34,63.81,86.829,0.895,40.57,0.1391,197.7896,4.9497,3.9689,-0.3461,-1.8403,7.578,9.1001,17.5096,4.4773,89.1737,0.1773,48.5857,0.205,47.0569,-0.2378,0.1307
243,2.052,3.622,1.436,2.523,3.3074,4.714,4.635,0.2109,-1.8382,4.3702,8.099,12.4691,4.934,84.27,68.38,87.65,0.62,11.433,0.5291,53.3213,4.7916,3.9004,-0.1126,-1.1716,5.7914,8.1986,14.5508,4.5045,87.4229,1.0323,88.1785,0.3631,40.4553,0.0643,-0.639
244,1.284,1.542,1.123,1.372,1.2955,4.9092,4.3076,-0.9068,-1.0053,7.8749,6.4461,14.321,2.9647,62.27,53.92,86.194,0.796,102.872,0.3935,13.9271,4.7171,3.9494,-0.2745,-1.7313,5.6217,7.0232,12.5521,4.1034,88.3213,0.373,112.6706,0.337,23.2222,0.2528,-0.4122
245,2.733,2.974,2.726,1.091,5.868,6.8755,6.6079,-0.2406,-1.7613,8.1041,11.2786,19.3827,5.5781,135.73,47.49,87.848,0.673,136.155,0.2189,104.8291,4.991,3.9852,-0.234,-1.7756,8.6102,9.8094,19.3498,5.3262,89.3849,0.11,129.0152,0.2421,49.5382,-0.0321,0.185
246,3.326,4.172,3.046,1.37,8.6877,7.5333,6.7889,0.6196,-0.8659,6.7284,21.1728,27.9012,6.9525,80.54,53.87,88.761,0.373,179.46,0.0371,267.7539,4.994,3.9925,-0.1086,-2.3421,7.9961,9.8156,19.1459,5.3973,89.717,0.101,149.0236,0.2841,49.6592,0.2595,-0.6465
247,4.405,5.914,3.567,1.658,15.2416,5.5314,5.1507,-0.3104,-1.6317,6.9267,9.4931,16.4198,4.1304,115.75,58.9,87.262,0.709,15.067,0.268,219.9765,4.9454,3.919,-0.3804,-1.6494,7.8276,9.239,17.8841,4.3896,88.8808,0.341,27.8102,0.181,48.6005,-0.5521,0.1117
248,1.322,2.546,1.084,2.35,1.3717,4.7355,4.3576,0.8578,-1.1912,3.1692,9.5469,12.716,6.9721,129.86,66.95,87.548,0.601,31.895,0.1283,21.9728,4.687,3.9333,-0.1761,-1.8579,5.4376,7.2787,12.8562,4.28,88.1708,0.5515,93.569,0.3527,24.4888,0.1424,-0.6853
249,1.254,1.773,1.025,1.73,1.2346,4.0965,3.8724,-0.5152,-1.6317,5.4213,4.8256,10.2469,3.0118,93.96,59.97,86.165,0.926,162.136,0.3165,12.6646,4.5417,3.9343,-0.1969,-2.0407,4.9856,6.4314,11.4068,4.0819,87.8658,0.5536,110.386,0.3822,14.8836,0.1777,-0.6955
250,0.934,1.326,0.691,1.917,0.6859,4.0062,3.6746,-0.6832,-1.3995,5.7744,4.7194,10.4938,2.6947,4.45,62.45,86.127,0.883,89.227,0.3108,7.8495,4.2014,3.8282,-0.2419,-0.938,4.9805,6.0158,10.8418,3.7222,85.6636,1.005,90.6459,0.3661,19.2457,-0.1476,0.2983
251,5.732,7.244,5.274,1.374,25.804,7.0227,6.6444,-0.341,-1.6631,8.7631,12.7184,21.4815,5.3619,12.2,53.95,87.444,0.774,123.291,0.104,396.8554,4.9946,3.9919,-0.3421,-1.8241,8.8961,9.8399,19.4901,5.2729,89.5688,0.0515,120.8242,0.1983,49.7646,0.1267,0.7887
252,0.87,1.021,0.812,1.257,0.5944,5.9613,5.7024,0.0368,-1.811,6.2209,8.594,14.8148,5.2638,55.4,51.5,88.654,0.352,125.425,0.6774,15.6437,4.8601,3.9796,-0.0959,-2.5828,5.3744,7.7356,13.4957,4.6532,89.0687,0.1632,141.5728,0.4338,19.6167,0.5775,-0.5556
253,5.308,7.517,3.994,1.882,22.1308,7.0823,6.21,-0.5194,-1.2403,10.2008,16.4659,26.6667,4.6099,179.47,62.01,87.939,0.758,159.405,0.1212,426.7517,4.9961,3.9948,-0.3123,-2.0068,9.1477,9.8954,19.676,5.5687,89.603,0.0307,132.4086,0.1812,49.7118,0.1728,0.8718
254,1.214,2.264,0.665,3.405,1.1584,5.5302,5.403,0.3908,-1.7722,4.6384,9.6825,14.321,6.4694,49.62,73.63,88.158,0.604,138.459,0.6272,23.6012,4.8612,3.9786,-0.1156,-2.2052,5.5882,7.8136,13.6294,4.6028,88.8299,0.1822,138.3862,0.4143,23.7588,0.5539,-0.3174
255,5.251,6.801,4.401,1.545,21.6583,6.0561,5.7728,-0.1434,-1.7322,6.9397,12.443,19.3827,4.9886,32.0,57.09,87.301,0.765,109.144,0.1698,311.9818,4.9566,3.9635,-0.3305,-1.2318,7.6383,9.3022,17.8554,4.5306,88.7484,0.2591,110.7455,0.249,48.6134,0.0218,0.4021
256,1.588,1.931,1.501,1.287,1.9814,6.1356,5.7057,-0.3676,-1.6245,7.8486,9.3119,17.1605,4.5115,68.48,52.15,88.164,0.607,97.175,0.6173,41.9467,4.8162,3.8806,-0.2768,-1.1313,6.6889,8.0023,15.0912,4.4715,87.7089,0.7381,71.2405,0.3778,36.6408,-0.0015,-0.5197
257,1.314,2.006,0.896,2.237,1.3565,4.3792,4.2414,-0.2939,-1.7974,5.2148,6.3901,11.6049,3.5742,157.81,65.92,86.622,0.709,91.644,0.3245,15.9107,4.3669,3.8857,-0.3104,-1.4388,5.0997,5.9297,10.7077,3.6009,87.0927,0.5144,97.2976,0.3392,17.9634,-0.1036,0.4658
258,3.784,5.184,2.975,1.743,11.2483,8.4818,7.7527,-0.2711,-1.534,10.7344,18.2779,29.0123,6.4606,8.11,60.15,88.066,0.599,134.189,0.1183,234.0306,4.9926,3.9896,-0.2937,-1.7364,8.9881,9.8467,19.5564,5.421,89.3767,0.0586,112.442,0.1949,49.5208,-0.0501,0.8512
259,1.7,2.407,1.26,1.91,2.271,4.632,4.4217,-0.3974,-1.705,5.8308,6.268,12.0988,3.5611,166.13,62.37,86.978,0.709,85.487,0.4121,29.8173,4.5557,3.8896,-0.4236,-1.5318,5.7441,6.6363,12.187,3.3796,87.3136,0.3551,83.0813,0.2981,29.3917,-0.3285,0.8676
260,1.468,2.771,0.814,3.404,1.6918,5.2543,5.1762,-0.0732,-1.9032,5.5806,7.7527,13.3333,4.8265,80.41,73.63,87.52,0.551,174.288,0.6199,26.2709,4.833,3.9725,-0.0537,-2.4349,5.0039,7.7967,13.2843,4.4802,88.9443,0.255,130.382,0.3996,28.837,0.392,-0.6344
261,3.516,5.265,2.57,2.048,9.7089,6.4297,6.2167,-0.0332,-1.8,6.8942,12.1181,19.0123,5.6604,38.12,63.98,87.489,0.604,49.73,0.0936,150.5089,4.9377,3.9343,-0.3751,-1.1289,7.7036,9.1163,17.5651,4.4938,88.6126,0.4,52.6845,0.2187,48.1781,-0.1908,0.0076
262,3.868,4.781,3.821,1.251,11.7513,7.2315,7.0382,0.2065,-1.7645,6.8564,15.6128,22.4691,7.2299,169.32,51.37,88.286,0.533,108.195,0.1792,262.8167,4.9958,3.994,-0.3249,-2.0152,9.0225,9.8788,19.5986,5.3535,89.6495,0.0342,128.638,0.2045,49.7536,0.0346,0.867
263,3.207,4.083,2.781,1.468,8.078,6.477,6.0991,0.1079,-1.6119,6.7881,13.5823,20.3704,5.5667,6.46,55.74,87.903,0.575,138.78,0.014,148.9857,4.9688,3.9705,-0.2523,-1.2878,7.8093,9.5214,18.418,4.737,88.7385,0.1988,129.0616,0.2776,49.0183,0.0122,0.7378
264,1.768,2.437,1.365,1.786,2.4539,3.9485,3.5837,-0.7765,-1.2843,5.9131,4.3338,10.2469,2.5709,103.8,60.75,85.736,1.197,169.956,0.2618,23.3102,4.7948,3.9644,-0.1324,-2.5123,5.068,7.3916,12.6846,4.3589,88.7203,0.34,130.9494,0.4135,22.2012,0.365,-0.7665
265,1.832,2.793,1.723,1.621,2.6368,5.2887,5.031,0.5568,-1.4185,4.2917,12.128,16.4198,6.0779,69.65,58.34,88.338,0.557,140.601,0.5266,63.0191,4.8974,3.9645,-0.0392,-1.8086,5.6426,8.5637,15.0969,4.7387,88.6838,0.3955,139.726,0.4185,40.494,0.4305,-0.5626
266,1.434,1.578,1.33,1.187,1.6156,4.6524,3.9688,-0.9264,-0.908,7.6621,5.6712,13.3333,2.755,4.85,49.88,87.487,0.813,105.362,0.168,24.7844,4.5319,3.8551,-0.4624,-0.9976,6.1251,6.4446,12.524,3.5673,86.7664,0.5315,90.8469,0.329,29.7407,-0.0642,0.7568
267,4.291,5.36,3.981,1.346,14.4643,8.0096,7.6452,0.0031,-1.7821,8.5475,15.2796,23.8272,6.9635,41.48,53.4,87.695,0.697,63.679,0.0832,242.3014,4.9848,3.9609,-0.3594,-1.0932,8.9073,9.704,19.2616,5.345,89.0569,0.173,58.6025,0.2541,48.913,-0.1483,0.2886
268,2.922,3.786,2.489,1.521,6.7063,5.445,5.0712,-0.2178,-1.5939,6.6211,9.9221,16.5432,4.1182,1.52,56.68,87.199,0.681,34.45,0.4064,91.0422,4.9038,3.9407,-0.3404,-1.1834,7.0778,8.8191,16.6638,4.2136,88.2834,0.3209,79.0035,0.2397,47.5609,-0.0733,0.6997
269,2.814,4.063,2.196,1.85,6.2186,6.7833,6.2242,-0.2894,-1.5856,8.5584,11.6885,20.2469,5.0424,7.44,61.6,87.849,0.521,23.219,0.2386,111.1198,4.9721,3.9601,-0.3091,-1.2022,8.1582,9.5546,18.6573,4.755,88.846,0.2338,69.8573,0.2321,49.3353,-0.2254,0.7134
270,4.553,5.609,3.922,1.43,16.278,4.517,4.0596,-0.592,-1.3681,6.4518,7.3753,13.8272,2.975,134.06,55.04,86.88,0.835,34.952,0.1249,202.0553,4.8617,3.9251,-0.256,-1.2094,6.3989,8.5799,15.6677,4.1588,87.9669,0.4993,86.8284,0.2667,46.6138,-0.1,0.3627
271,3.497,4.484,3.005,1.492,9.6022,4.4397,4.2763,-0.3283,-1.7653,5.3917,7.2009,12.5926,3.5489,168.64,56.17,86.159,1.254,98.893,0.2254,102.6671,4.7523,3.9029,-0.35,-1.3402,5.9593,7.7387,13.9065,3.6257,87.7676,0.4253,94.1015,0.2876,43.6443,-0.2278,0.7768
272,2.066,2.828,1.621,1.745,3.3531,4.5097,4.0956,-0.6333,-1.3811,6.4646,6.3749,12.8395,2.9972,110.09,60.19,86.905,0.899,115.91,0.3789,43.5926,4.677,3.8866,-0.2134,-1.1069,5.5992,7.5611,13.4984,4.0795,87.2337,0.9523,95.7874,0.3201,37.8836,-0.0586,-0.437
273,4.894,6.519,4.089,1.594,18.8081,6.1213,5.6377,-0.2567,-1.6174,7.5883,11.5475,19.1358,4.5836,0.31,57.9,87.718,0.686,77.119,0.1466,318.3391,4.9656,3.9581,-0.3877,-1.3873,8.0423,9.3731,18.2553,4.563,88.9806,0.2185,57.3998,0.2165,48.8894,-0.2539,0.449
274,3.267,4.215,2.905,1.451,8.3829,5.6351,5.1686,-0.2668,-1.5703,7.0748,10.3326,17.4074,4.1892,11.59,55.43,87.634,0.591,30.381,0.3749,131.9116,4.9352,3.9367,-0.35,-0.973,7.6827,9.1103,17.6334,4.4647,88.408,0.34,58.9399,0.2498,48.1389,-0.1957,0.597
275,2.004,3.592,1.235,2.909,3.155,4.583,4.4196,0.4787,-1.6264,3.75,9.213,12.963,5.3804,65.33,71.03,87.811,0.535,154.184,0.6868,56.0986,4.8738,3.944,-0.0512,-1.5848,5.5589,8.5162,14.8565,4.6432,88.1116,0.6898,123.7962,0.4007,42.5438,0.301,-0.6578
276,1.789,2.363,1.383,1.708,2.5149,4.4231,3.6821,-0.8671,-0.7711,7.3591,7.7026,15.0617,2.4848,84.84,59.65,86.659,1.029,122.079,0.2478,30.3069,4.6157,3.8567,-0.256,-0.5811,5.8611,7.1877,13.0917,4.1962,86.4279,1.27,98.6652,0.381,32.2397,0.1779,-0.5098
277,3.516,4.031,3.38,1.193,9.7089,6.485,5.5736,-0.2845,-1.3013,8.7737,13.2016,21.9753,4.3052,47.34,50.02,88.045,0.68,154.254,0.2227,199.1863,4.9872,3.9922,-0.1557,-1.8538,8.1576,9.6986,18.9772,5.3954,89.5663,0.0791,158.9765,0.3186,48.2584,0.4924,-0.016
278,0.975,1.732,0.605,2.862,0.7468,4.6507,4.5352,0.4286,-1.7598,3.8108,7.6706,11.4815,5.5996,143.58,70.74,87.151,0.572,55.334,0.7755,10.5664,4.3947,3.8308,-0.2928,-1.0726,5.7062,6.2141,11.9939,3.8794,86.464,0.7345,69.3759,0.3837,14.7634,-0.2795,0.2556
279,2.733,3.52,2.231,1.578,5.868,7.7982,7.1639,-0.392,-1.5941,10.2198,11.2617,21.4815,5.7704,163.17,57.63,88.45,0.569,31.462,0.2462,145.4455,4.9935,3.9857,-0.3666,-1.4952,9.042,9.8396,19.5247,5.2987,89.4332,0.0738,73.6159,0.194,49.7891,-0.1186,0.7869
280,1.114,2.015,0.639,3.155,0.9755,6.302,6.1622,0.3076,-1.7864,5.5771,10.5957,16.1728,6.8843,53.68,72.42,88.904,0.374,146.211,0.9118,32.3451,4.9701,3.9929,-0.0451,-2.8713,6.1456,9.0425,16.4034,5.0682,89.6883,0.0781,155.1746,0.4343,38.4317,0.6762,-0.6863
281,1.494,2.536,0.957,2.65,1.7528,4.1549,4.0839,0.3367,-1.8367,3.5569,6.4431,10.0,4.7941,144.87,69.32,85.343,0.792,57.831,0.2846,15.2534,4.2713,3.8759,-0.2708,-1.2591,4.9186,5.7827,10.4488,3.6515,86.8304,0.6592,102.9577,0.3585,16.7389,-0.0785,0.2345
282,2.117,2.618,1.989,1.316,3.5208,5.7901,5.585,-0.0678,-1.7975,6.3175,10.3492,16.6667,5.0047,69.45,52.78,88.015,0.435,122.314,0.3402,67.0285,4.9455,3.9581,-0.1872,-1.2006,6.7804,9.0542,16.7078,4.7263,88.715,0.4521,111.5681,0.3495,47.7535,0.3151,-0.4752
283,3.198,5.163,2.038,2.533,8.0323,4.5009,3.3047,-1.5096,1.1175,10.4993,5.6735,16.1728,2.3977,176.95,68.46,87.395,0.81,133.244,0.2443,120.2484,4.9612,3.9632,-0.4754,-0.9526,8.1925,9.3144,18.2478,4.437,88.7046,0.1833,125.3292,0.2671,48.6759,0.1093,0.8274
284,2.919,4.082,2.735,1.493,6.6911,5.1957,5.0019,-0.1609,-1.7551,5.9319,9.6236,15.5556,4.324,109.38,56.18,87.426,0.576,51.776,0.1704,102.3802,4.8669,3.9157,-0.1974,-1.0543,6.559,8.6383,15.9874,4.5278,88.0388,0.7926,77.481,0.3022,44.8394,-0.0542,-0.5877
285,1.454,2.815,0.761,3.699,1.6613,4.5635,4.4,0.5335,-1.6465,3.5625,8.1659,11.7284,5.7523,143.02,74.87,86.962,0.773,59.916,0.7603,22.5954,4.5317,3.855,-0.2874,-1.1023,5.9713,6.9734,13.2049,3.9371,87.1991,0.7267,48.3285,0.3223,25.8542,-0.392,0.0215
286,2.484,3.637,2.087,1.743,4.8468,4.5795,4.5235,0.1093,-1.8926,4.4412,7.2872,11.7284,4.6088,25.6,60.15,86.255,0.799,126.23,0.0378,51.8579,4.818,3.9173,-0.2777,-1.0059,6.3041,8.1753,14.9929,4.1372,87.711,0.5385,111.3406,0.3383,43.4913,0.1211,0.3558
287,2.461,2.619,2.528,1.036,4.7554,8.1438,7.0393,-0.7979,-1.016,13.1038,11.4641,24.5679,5.1687,17.52,46.01,88.467,0.513,99.614,0.3116,124.2909,4.9926,3.9871,-0.3234,-1.3766,8.9848,9.83,19.5033,5.4724,89.4176,0.0904,101.7645,0.2126,49.6817,0.1656,0.468
288,2.421,3.128,1.907,1.64,4.603,5.0306,4.4922,-0.6058,-1.3373,7.2599,8.666,15.9259,3.261,28.49,58.63,86.795,1.132,172.876,0.2129,60.439,4.93,3.9617,-0.2567,-0.9644,7.1089,8.9529,16.884,4.6563,88.4016,0.315,127.7527,0.3291,46.4492,0.4195,0.4137
289,1.975,2.186,1.899,1.151,3.0636,5.9124,5.5737,-0.3253,-1.6866,7.3381,8.9582,16.2963,4.5374,25.18,49.02,87.802,0.544,112.758,0.4634,52.0853,4.9435,3.9621,-0.3701,-1.4152,7.4281,9.0287,17.2541,4.3452,88.8335,0.2197,82.7058,0.2471,48.0439,0.0028,0.5416
290,1.277,1.875,0.899,2.085,1.2803,3.8215,3.2321,-0.99,-0.7819,6.4583,4.4059,10.8642,2.1807,7.3,64.38,86.29,1.166,97.968,0.5294,13.9016,4.3425,3.8407,-0.3987,-1.0926,5.6106,5.8409,11.1702,3.5658,86.4423,0.6461,96.2016,0.355,18.5986,-0.1097,0.5428
291,2.136,2.752,1.719,1.602,3.5818,4.6856,4.4626,-0.2491,-1.7338,5.5925,7.1236,12.716,3.7125,116.59,58.02,87.036,0.862,178.944,0.2359,47.8072,4.5269,3.8142,-0.329,-0.5122,5.7487,6.8134,12.494,3.8673,86.2244,1.2005,112.4123,0.3871,33.409,0.0871,-0.1402
292,4.28,4.7,4.098,1.147,14.3881,7.6978,6.8575,-0.2252,-1.5017,9.9642,12.9988,22.963,6.149,147.84,48.92,88.372,0.57,143.882,0.1626,338.325,4.9968,3.9889,-0.3063,-1.7354,9.2002,9.9261,19.7383,5.4967,89.5966,0.0678,106.1755,0.1803,49.924,-0.285,0.6205
293,0.8,0.847,0.763,1.111,0.503,4.5439,4.2073,-0.6582,-1.4521,6.4424,4.9156,11.358,3.1236,41.8,48.02,87.691,0.463,57.407,0.2791,8.1597,4.4019,3.9167,-0.3159,-1.7794,5.5745,5.8534,11.3773,3.8652,88.0319,0.3469,77.2261,0.3358,8.2558,-0.1402,-0.1192
294,1.9,2.337,1.643,1.422,2.8349,4.447,4.3527,-0.2375,-1.861,5.1097,6.0014,11.1111,3.7911,52.79,54.88,85.683,0.874,146.33,0.2979,26.2528,4.4825,3.8822,-0.1895,-0.9646,5.036,6.6017,11.4123,3.9813,86.4577,0.846,120.8265,0.3953,25.4994,0.1785,-0.0005
295,7.309,8.236,7.057,1.167,41.9601,8.372,7.7539,-0.0457,-1.6109,9.5425,17.618,27.1605,6.6555,143.04,49.41,88.2,0.643,96.939,0.0567,912.1884,4.9948,3.9828,-0.2857,-1.4657,9.2805,9.9069,19.7389,5.7657,89.3508,0.1038,64.6492,0.1626,49.7564,-0.3081,0.403
296,3.418,4.027,3.671,1.097,9.1754,5.1495,5.0211,0.122,-1.8025,5.0809,9.6104,14.6914,4.9628,25.5,47.65,87.143,0.669,163.427,0.268,128.0677,4.9097,3.9549,-0.2289,-1.3404,6.4925,8.9078,16.2296,4.2658,88.3346,0.3333,119.6899,0.2828,47.7466,0.0947,0.4819
297,5.5,9.511,3.908,2.434,23.7616,6.1011,5.7653,0.6287,-1.3337,4.7805,14.1084,18.8889,7.2612,16.91,67.66,87.398,0.68,171.715,0.1074,357.2557,4.9858,3.9869,-0.2853,-1.7027,8.088,9.6863,18.8149,4.8446,89.3653,0.0972,138.21,0.2484,49.5012,0.1825,0.6907
298,1.945,2.58,1.552,1.662,2.9721,4.9264,4.7303,-0.4217,-1.7327,6.2085,6.3841,12.5926,3.8206,0.12,58.97,86.243,0.967,149.025,0.334,31.2152,4.7417,3.9246,-0.3977,-1.355,6.1998,7.2576,13.5335,3.7715,87.9963,0.3453,106.7625,0.3367,33.7094,-0.0083,0.5637
299,2.417,4.714,1.449,3.254,4.5877,5.0691,4.7988,0.6556,-1.323,3.8703,13.2902,17.1605,6.3134,130.23,72.92,87.685,0.485,42.678,0.6286,78.028,4.8653,3.8831,-0.1979,-0.8978,6.7708,8.7183,16.3779,4.4573,87.4494,0.7225,55.1312,0.3089,46.1433,-0.3099,0.0741
300,1.838,2.211,1.713,1.291,2.652,4.3957,4.1959,-0.3201,-1.7106,5.3866,6.5887,11.9753,3.4363,87.65,52.24,86.882,0.975,161.801,0.3717,33.5029,4.5489,3.8868,-0.1987,-0.8028,5.3725,6.7971,11.9748,4.1807,86.6328,0.7987,128.4511,0.4279,24.0216,0.3564,-0.089
301,7.044,7.694,7.027,1.095,38.9727,6.6431,5.9823,-0.2041,-1.3248,8.4151,21.5849,30.0,4.673,61.17,47.59,87.594,0.769,161.751,0.0595,643.5002,4.9762,3.9767,-0.2296,-1.5637,8.0103,9.566,18.6386,5.1691,89.1926,0.2096,149.498,0.3173,48.0432,0.3086,-0.4158
302,3.651,4.495,3.263,1.378,10.471,8.8614,7.9186,-0.3148,-1.476,11.8402,16.1845,28.0247,6.7076,60.96,54.03,88.587,0.566,107.98,0.2442,299.5511,4.9902,3.9829,-0.3145,-1.5627,8.6969,9.7355,19.213,5.4802,89.5529,0.1332,92.8276,0.2564,49.307,0.3302,-0.5366
303,2.654,2.966,2.583,1.148,5.5327,6.8709,6.5172,-0.2643,-1.719,8.2852,10.7271,19.0123,5.383,157.1,48.95,87.551,0.623,153.263,0.1662,92.4614,4.9824,3.9723,-0.5287,-1.5321,8.5818,9.6012,18.9063,4.4384,89.2225,0.1163,112.7546,0.2255,49.5053,-0.2096,0.851
304,2.962,4.052,2.31,1.754,6.8892,6.0407,5.8178,0.0581,-1.7157,6.289,11.8592,18.1481,5.4124,143.03,60.32,88.031,0.44,52.217,0.454,134.4718,4.9365,3.9324,-0.3599,-1.0437,7.4579,9.0919,17.3776,4.2792,88.421,0.3817,86.3123,0.2756,48.6131,-0.2028,0.4916
305,3.155,5.015,2.138,2.346,7.8189,7.9458,6.9723,-0.5874,-1.2495,12.0488,12.5191,24.5679,5.5603,87.15,66.91,88.607,0.552,115.52,0.1922,215.9073,4.9949,3.9929,-0.3024,-2.5594,8.6154,9.773,19.2194,5.4984,89.8019,0.0647,126.3764,0.2845,49.0538,0.389,-0.7802
306,1.487,1.748,1.342,1.303,1.7375,5.2256,4.7178,-0.5135,-1.4293,7.2467,7.5681,14.8148,3.5279,132.79,52.49,87.276,0.488,108.424,0.1852,25.5943,4.7049,3.8829,-0.3577,-1.1126,6.6121,7.5581,14.4285,4.0534,87.4056,0.5725,54.4365,0.2896,33.0606,-0.2577,0.108
307,2.602,4.076,1.705,2.39,5.3193,7.6775,6.5653,-0.855,-0.6143,14.4919,11.3105,25.8025,5.0577,94.58,67.3,88.53,0.596,95.387,0.2631,137.0121,4.9975,3.9937,-0.3505,-2.5452,9.0375,9.8743,19.5631,5.6527,89.8424,0.0485,108.7117,0.2263,49.7082,0.2557,-0.7737
308,2.417,3.295,1.951,1.689,4.5877,5.9726,5.7044,-0.1267,-1.7459,6.7723,10.3882,17.1605,4.9274,148.63,59.37,87.674,0.59,59.106,0.1603,77.668,4.9736,3.9576,-0.4012,-1.5404,7.9902,9.4872,18.3541,4.4081,89.1013,0.2103,77.2542,0.2152,49.5102,-0.3136,0.4311
309,1.762,3.235,0.997,3.243,2.4387,5.8015,4.0639,-1.664,1.545,13.9634,7.765,21.7284,2.6516,86.35,72.86,88.313,0.397,106.54,0.2082,54.5228,4.9888,3.9819,-0.3412,-1.6233,8.5871,9.684,19.0722,5.3379,89.5354,0.1425,108.1892,0.2738,49.2432,0.3586,-0.5618
310,2.057,3.197,1.48,2.16,3.3227,4.1229,4.0685,0.1827,-1.8734,3.8517,6.7655,10.6173,4.3111,139.35,65.16,85.881,0.842,30.165,0.0933,31.7521,4.3629,3.8852,-0.2685,-1.4352,5.1759,6.2267,11.2654,3.7436,86.9896,0.5951,78.8616,0.3138,18.6659,-0.1834,0.2555
311,3.084,3.507,2.972,1.18,7.4684,5.9858,4.9531,-0.8017,-0.8773,9.8986,9.4841,19.3827,3.7234,39.83,49.72,87.532,0.91,98.101,0.2032,123.2274,4.9659,3.9687,-0.2856,-1.1261,7.7283,9.3019,17.9065,4.9627,89.0198,0.2856,102.0473,0.3152,48.3664,0.4144,-0.246
312,1.564,2.096,1.297,1.616,1.9204,4.3276,3.7569,-0.7,-1.1833,6.5888,5.6334,12.2222,2.7099,0.58,58.25,87.045,0.683,96.843,0.043,24.569,4.4279,3.824,-0.4383,-0.8841,5.8588,6.1746,11.7111,3.5249,86.2411,0.6428,98.1346,0.3498,25.662,-0.085,0.7403
313,1.869,2.34,1.559,1.501,2.7435,3.2476,2.1319,-1.9365,2.5102,8.4526,3.8931,12.3457,1.3939,1.88,56.33,86.59,0.752,86.508,0.5867,31.6272,4.5649,3.8168,-0.4628,-0.6321,6.2511,6.8679,13.0412,3.5238,85.9245,0.6742,95.9091,0.3312,38.2191,-0.1032,0.8401
314,2.519,3.22,2.141,1.504,4.984,4.4294,4.2094,-0.3472,-1.7148,5.4986,6.9705,12.4691,3.4364,24.5,56.38,86.6,0.904,91.582,0.2769,58.0249,4.7332,3.8587,-0.4521,-0.7335,6.4703,7.5631,14.0887,3.6875,87.2011,0.6433,100.8428,0.3115,44.392,0.0133,0.6253
315,1.723,1.897,1.776,1.068,2.332,4.2298,3.8489,-0.6433,-1.3815,6.0714,6.6446,12.716,2.8175,46.31,46.88,86.541,0.849,173.583,0.1156,26.2134,4.2611,3.8614,-0.186,-1.0775,4.8395,6.0135,10.65,3.9623,86.2073,1.0043,111.4892,0.3906,16.5769,0.1455,-0.2553
316,2.817,4.861,1.828,2.659,6.2338,4.4609,4.151,-0.479,-1.5701,5.934,6.2882,12.2222,3.1919,168.29,69.39,86.566,1.008,90.114,0.3765,72.247,4.6018,3.8259,-0.4671,-0.8581,6.171,6.9367,13.0809,3.4465,86.8678,0.6426,92.3775,0.3074,39.996,-0.1933,0.7682
317,1.4,2.299,1.135,2.025,1.5394,3.7271,3.6614,0.3437,-1.8305,3.1803,6.079,9.2593,4.3139,50.59,63.72,84.769,1.11,118.974,0.2195,11.6513,4.1735,3.8707,-0.2025,-1.1939,4.7966,5.7073,10.428,3.8828,86.3993,0.8795,99.2615,0.3697,13.3309,0.0336,-0.13
318,0.776,1.214,0.535,2.27,0.4725,4.8882,4.7929,-0.2474,-1.8683,5.6264,6.102,11.7284,4.1744,71.23,66.22,87.043,1.048,126.092,0.6122,6.8263,4.401,3.9161,-0.1596,-1.6104,4.8203,5.9823,10.7604,4.167,87.3829,0.6335,114.8042,0.4071,12.166,0.3424,-0.4098
319,1.689,1.985,1.49,1.332,2.2405,5.1023,4.7762,-0.5663,-1.552,6.9472,6.88,13.8272,3.639,143.51,53.11,86.768,0.749,159.938,0.1608,28.0569,4.7662,3.9237,-0.4379,-1.572,6.4863,7.5857,14.2802,3.6474,88.1461,0.2744,104.6704,0.307,34.6594,-0.3004,0.7226
320,1.985,2.482,1.78,1.395,3.094,4.9756,4.688,-0.4214,-1.6329,6.4109,7.5397,13.9506,3.6949,30.86,54.36,87.218,0.691,160.079,0.2089,43.1254,4.848,3.9536,-0.3291,-1.3007,6.5752,8.0214,14.8817,4.224,88.0538,0.2692,115.8127,0.3417,37.2291,0.3036,0.5917
321,4.563,5.663,3.861,1.467,16.3542,6.2373,4.9581,-0.7431,-0.6951,10.5869,11.3884,21.9753,3.7186,27.17,55.71,87.69,0.736,178.558,0.391,278.0857,4.9878,3.9774,-0.3089,-1.0605,8.7565,9.8061,19.385,5.1854,89.1686,0.1739,143.0563,0.2475,49.6582,-0.0251,0.4167
322,2.389,3.597,1.644,2.188,4.481,5.7811,5.5457,-0.2349,-1.7602,6.8085,9.4878,16.2963,4.678,101.55,65.43,87.548,0.597,7.78,0.458,71.3259,4.9059,3.9367,-0.3304,-1.6798,7.1801,8.7209,16.426,4.4435,88.8419,0.4276,48.1817,0.2468,44.0454,-0.2515,-0.6958
323,2.998,4.208,2.33,1.806,7.0569,7.0756,6.8229,-0.1228,-1.7939,7.9114,11.7182,19.6296,5.9976,158.81,61.03,87.859,0.537,179.581,0.1112,126.344,4.9942,3.9925,-0.4183,-1.8912,8.9775,9.8471,19.5167,5.0491,89.6017,0.0395,145.024,0.209,49.7517,0.067,0.8954
324,2.154,2.698,1.897,1.423,3.6427,6.702,6.2084,-0.1605,-1.628,7.9789,11.1569,19.1358,5.0997,149.35,54.9,88.296,0.435,14.483,0.4724,80.3348,4.9738,3.9719,-0.451,-2.1108,8.0365,9.413,18.3145,4.2204,89.4039,0.101,73.3126,0.2152,48.9731,-0.4596,0.7881
325,1.935,2.482,1.562,1.589,2.9416,2.9778,2.109,-1.6996,1.2805,6.8031,3.5673,10.3704,1.2926,178.32,57.82,84.893,1.236,177.437,0.3029,22.7929,4.1427,3.7808,-0.3615,-0.5613,5.3028,5.7492,10.6203,3.522,85.5369,1.1069,101.1909,0.3506,22.6902,-0.096,0.2838
326,0.913,1.718,0.589,2.915,0.6554,5.0688,5.0107,0.1693,-1.8942,4.7497,7.3491,12.0988,5.302,5.03,71.07,87.666,0.807,116.12,0.7086,11.7966,4.7504,3.9589,-0.185,-1.8887,5.3491,7.0824,12.2686,4.2384,88.1502,0.267,116.7037,0.3761,21.5247,0.365,0.3138
327,3.389,4.831,2.523,1.915,9.023,5.7739,5.6066,-0.1518,-1.8263,6.4749,9.5745,16.0494,4.9436,140.77,62.43,87.071,0.655,51.202,0.2782,118.4205,4.9526,3.9476,-0.4929,-1.6134,8.0259,9.1483,17.894,4.2333,89.0504,0.1753,47.4163,0.2059,48.3456,-0.3607,0.7431
328,1.123,1.673,0.813,2.058,0.9907,4.6929,4.6399,-0.1191,-1.9189,5.0617,6.6667,11.7284,4.283,110.33,64.09,86.074,1.042,7.497,0.3874,9.919,4.5214,3.91,-0.3817,-1.6495,6.0225,6.1408,12.3061,3.9597,88.3118,0.4564,67.6538,0.3444,11.7405,-0.0292,-0.3553
329,1.734,1.86,1.727,1.077,2.3624,5.4936,5.1613,-0.5003,-1.604,7.2865,7.4048,14.6914,3.9958,15.05,47.12,87.269,0.664,18.29,0.2388,33.2772,4.8581,3.9611,-0.3228,-1.8853,6.6011,8.1408,15.1712,4.153,88.7599,0.1885,70.1863,0.2723,37.0278,-0.071,0.5166
330,0.892,1.028,0.897,1.146,0.6249,5.0249,4.9493,-0.2464,-1.8894,5.7476,6.4746,12.2222,4.3457,62.98,48.89,86.572,1.061,18.752,0.2071,7.0361,4.5263,3.9408,-0.1964,-1.9292,5.1271,6.2046,11.2502,4.2117,88.2043,0.3935,101.5464,0.3705,10.6353,0.3305,-0.375
331,2.158,2.605,2.076,1.255,3.658,6.0625,5.7349,-0.0351,-1.6504,6.7325,11.4156,18.1481,5.0573,17.67,51.45,88.359,0.618,96.608,0.3028,82.4405,4.9478,3.9593,-0.2973,-0.9299,7.8384,9.2047,17.8444,4.8142,88.2091,0.2387,90.8007,0.3048,46.8956,0.1918,0.7093
332,1.014,1.566,0.741,2.113,0.8078,5.1305,5.0736,0.2291,-1.8937,4.6375,7.8316,12.4691,5.6001,29.38,64.68,87.473,0.489,124.92,0.5795,12.0199,4.6814,3.9416,-0.259,-1.7429,5.6215,6.795,12.0978,4.1703,87.6286,0.3157,109.9869,0.3691,17.1171,0.3151,0.3784
333,3.364,4.071,2.95,1.38,8.8858,5.9494,5.6081,-0.2227,-1.686,7.1174,10.1666,17.284,4.6269,4.48,54.07,87.29,0.667,63.454,0.2228,128.1436,4.9562,3.946,-0.422,-1.5633,7.9153,9.2629,17.9853,4.3403,88.9774,0.2319,41.722,0.1903,49.026,-0.3437,0.6165
334,1.358,2.407,0.972,2.478,1.448,3.9205,3.7176,0.6617,-1.472,2.8915,8.0962,10.9877,5.2047,30.63,68.02,87.164,0.701,120.333,0.5917,20.5569,4.1724,3.8461,-0.1984,-1.0913,4.8648,5.7796,10.4989,3.8875,85.5517,0.9901,106.6352,0.4013,13.3975,0.0084,-0.0598
335,3.046,3.458,2.774,1.247,7.2855,4.2164,3.9197,-0.5483,-1.5214,5.7526,6.5931,12.3457,2.9726,84.19,51.26,85.72,0.868,161.235,0.2852,66.0753,4.7425,3.9196,-0.2144,-1.5752,5.396,7.7341,13.3012,3.9987,87.9045,0.6979,111.3356,0.3021,39.1089,-0.0457,-0.5685
336,1.74,2.36,1.492,1.582,2.3777,5.9506,5.5799,-0.0676,-1.6482,6.7414,11.6537,18.3951,4.7879,12.24,57.7,88.448,0.347,97.909,0.4254,56.9604,4.9589,3.9779,-0.2707,-1.6507,7.1028,9.2156,17.2164,4.4386,89.0054,0.141,125.8548,0.3036,48.4066,0.2464,0.7595
337,0.836,1.242,0.694,1.788,0.5487,4.4075,4.3706,-0.0094,-1.9367,4.4991,6.1182,10.6173,4.2492,101.94,60.79,85.233,1.052,123.983,0.3803,4.2338,4.0735,3.8631,-0.2222,-1.3381,4.7646,5.4592,10.2137,3.7904,86.3239,0.8969,95.7146,0.3689,10.6442,-0.0796,-0.2431
338,1.999,3.998,1.239,3.228,3.1398,8.4183,8.0878,0.0746,-1.7658,8.666,14.4204,23.0864,7.7457,85.52,72.79,89.064,0.228,0.589,0.447,114.7901,4.9684,3.9481,-0.3371,-1.4113,8.3657,9.4153,18.3713,5.149,89.217,0.3312,26.852,0.2866,47.5663,-0.0919,-0.6939
339,1.795,2.213,1.688,1.31,2.5301,4.584,4.554,0.0954,-1.9412,4.4246,6.81,11.2346,4.6911,146.72,52.65,85.405,1.085,51.314,0.0877,21.2595,4.4036,3.8799,-0.3194,-1.2264,5.4319,6.2251,11.4961,3.6693,86.874,0.5671,81.7007,0.3121,21.1096,-0.1658,0.528
340,4.749,5.458,4.43,1.232,17.7107,7.1388,6.1864,-0.5584,-1.2459,10.5153,11.8304,22.3457,4.6842,178.48,50.93,87.945,0.523,93.358,0.0628,333.8683,4.9927,3.9864,-0.4071,-1.6876,8.9675,9.8284,19.4928,5.0777,89.4355,0.0735,94.2869,0.1743,49.7681,-0.208,0.8433
341,3.065,4.481,2.345,1.911,7.3769,7.0421,6.8185,-0.1472,-1.8061,7.9176,12.5762,20.4938,5.9873,72.6,62.38,87.402,0.672,86.259,0.3387,111.8334,4.9904,3.9836,-0.3178,-1.7416,8.6853,9.7416,19.1852,5.4606,89.4958,0.1441,116.8027,0.2621,49.0071,0.2847,-0.6797
342,3.001,3.641,2.766,1.316,7.0721,5.126,4.9497,-0.2746,-1.7963,6.0746,8.2464,14.321,4.1763,133.69,52.77,86.628,0.932,1.29,0.1406,86.0457,4.7954,3.8953,-0.4018,-1.2732,6.7659,8.0175,15.2242,3.9225,88.0843,0.5226,50.0402,0.2346,43.3139,-0.318,0.1998
343,2.621,3.476,2.556,1.36,5.3955,5.881,5.7601,0.0214,-1.8476,6.0463,9.8796,15.9259,5.4997,21.53,53.68,87.654,0.593,97.354,0.0999,91.1523,4.9559,3.9519,-0.2807,-0.9738,7.4198,9.2908,17.6518,4.5871,88.5499,0.3523,97.075,0.2879,49.2065,0.1232,0.3919
344,3.494,5.05,2.569,1.966,9.587,8.2109,7.7875,-0.1697,-1.7115,9.5777,14.6198,24.1975,6.6859,136.95,63.04,88.237,0.591,147.504,0.2794,206.7851,4.9967,3.9943,-0.1849,-1.8293,9.0361,9.9175,19.705,5.73,89.6585,0.0465,145.1671,0.2132,49.7891,0.0862,0.5798
345,3.611,4.989,2.85,1.75,10.2423,5.9655,5.7356,-0.1754,-1.7543,6.8578,11.2904,18.1481,4.929,126.59,60.26,87.348,0.748,39.624,0.2669,149.041,4.9546,3.9305,-0.4352,-1.5357,8.1021,9.2279,18.0321,4.4616,88.9903,0.2794,28.9606,0.2098,48.6798,-0.4147,0.2182
346,0.881,1.852,0.468,3.957,0.6097,3.6775,3.6283,0.2821,-1.8634,3.237,6.1457,9.3827,4.1272,16.5,75.82,84.514,0.894,124.452,0.2478,4.478,4.0581,3.8304,-0.3018,-1.1142,5.1303,5.408,10.346,3.6071,86.1672,0.752,76.4794,0.3528,9.9257,-0.299,0.335
347,2.113,2.946,1.646,1.79,3.5056,4.7903,4.4741,-0.443,-1.5681,6.2883,7.4154,13.7037,3.4723,112.13,60.81,87.324,0.676,10.513,0.3649,49.734,4.7097,3.8908,-0.2442,-1.0266,5.8209,7.6796,13.8009,4.0543,87.3419,0.8098,92.6067,0.3259,40.1673,-0.0328,-0.1239
348,2.998,4.143,2.29,1.809,7.0569,5.6871,5.1904,-0.5237,-1.4827,7.818,9.0955,16.9136,3.9013,161.43,61.07,86.841,0.813,89.482,0.1167,87.2786,4.9452,3.9468,-0.5036,-1.3979,7.8367,9.081,17.6357,4.0507,88.8898,0.2203,78.1513,0.2216,48.5305,-0.2985,0.7752
349,2.429,3.216,1.905,1.688,4.6334,4.4951,4.0608,-0.6418,-1.3701,6.4896,6.103,12.5926,2.9915,163.45,59.35,86.604,0.74,20.521,0.2885,54.1087,4.7195,3.8903,-0.3753,-1.2587,6.3395,7.7524,14.5201,3.7522,87.5261,0.4736,62.2378,0.2332,42.6414,-0.2848,0.7116
350,7.276,7.871,7.041,1.118,41.579,7.0043,6.0555,-0.5651,-1.1779,10.3529,14.4619,24.8148,4.4253,134.25,48.19,87.454,0.809,41.864,0.1086,652.7242,4.9839,3.9741,-0.4331,-1.687,8.7993,9.6825,19.1737,5.0068,89.4002,0.1407,44.9104,0.1564,49.2264,-0.3313,0.0318
351,2.8,4.367,1.985,2.2,6.1576,8.5412,8.0239,0.0259,-1.6408,9.3446,16.3344,25.679,7.238,161.02,65.56,88.555,0.454,23.957,0.2725,160.4783,4.9964,3.9886,-0.4161,-1.8038,9.35,9.9042,19.7423,5.46,89.6203,0.0501,65.6056,0.165,49.8556,-0.3178,0.8366
352,2.719,3.385,2.516,1.345,5.807,5.2166,5.1558,-0.0271,-1.9158,5.4003,8.18,13.5802,4.9325,45.58,53.37,85.963,0.919,147.024,0.1648,57.651,4.8363,3.9383,-0.2654,-1.0983,6.1984,8.1219,14.6683,4.2853,87.961,0.5065,116.8238,0.3168,42.0572,0.3264,-0.0151
353,1.636,1.933,1.521,1.271,2.1033,6.0071,5.2273,-0.5767,-1.2596,8.8007,9.1005,17.9012,3.7946,42.08,51.8,88.187,0.514,86.906,0.3587,45.9555,4.9186,3.9551,-0.3621,-1.5908,6.9304,8.7072,16.3193,4.2185,88.7812,0.2757,93.4143,0.2472,46.95,0.0747,0.177
354,1.773,2.858,1.165,2.454,2.4691,4.0747,3.4163,-0.9234,-0.7954,6.8244,6.1385,12.963,2.306,0.38,67.83,86.615,0.92,29.952,0.2217,29.1493,4.5442,3.8432,-0.424,-1.2056,6.0337,6.9308,12.9366,3.5037,87.2981,0.6249,59.551,0.2513,36.8772,-0.3671,0.5257
355,2.401,3.139,2.021,1.554,4.5267,5.1954,4.8808,-0.3121,-1.5962,6.4843,11.9107,18.3951,3.9244,166.47,57.23,87.514,0.9,70.47,0.2592,69.8347,4.8906,3.931,-0.3913,-1.4558,6.8947,8.604,16.1275,3.9183,88.3397,0.3118,75.8757,0.2433,47.7555,-0.1977,0.7549
356,2.879,3.505,2.477,1.415,6.5082,5.5186,5.0894,-0.5404,-1.5165,7.5518,7.8803,15.4321,3.8559,154.58,54.75,86.778,0.798,61.383,0.3609,80.3916,4.8416,3.9242,-0.4425,-1.2224,6.7656,8.0866,15.1595,3.7899,88.3937,0.3635,80.293,0.2631,44.4091,-0.1899,0.5411
357,1.773,2.282,1.439,1.586,2.4691,6.8709,6.0522,-0.3552,-1.3577,9.2901,11.821,21.1111,4.6259,173.44,57.77,88.615,0.359,15.15,0.1105,64.623,4.9648,3.9549,-0.3811,-1.6128,8.0627,9.3591,18.1985,4.5298,88.9409,0.1822,36.2749,0.2139,48.8453,-0.3492,0.7378
358,1.74,2.124,1.544,1.375,2.3777,4.1018,3.727,-0.7768,-1.2856,6.1387,4.9724,11.1111,2.6758,122.7,53.98,85.731,1.021,3.214,0.3043,22.441,4.2009,3.8399,-0.3182,-1.0776,5.2802,5.7523,10.9168,3.7,86.4549,0.9994,77.6283,0.3402,14.924,-0.2318,-0.2983
359,1.539,1.814,1.358,1.335,1.8595,3.5294,2.3342,-1.9926,2.4004,8.9533,4.1332,13.0864,1.4086,178.6,53.17,85.717,1.153,5.55,0.1475,17.3876,4.4196,3.8948,-0.4589,-1.6517,5.772,5.843,11.415,3.4223,87.4492,0.3213,70.9948,0.2807,17.9513,-0.2456,0.758
360,2.599,3.172,2.461,1.289,5.3041,7.9301,7.2361,-0.4111,-1.504,10.5483,13.2789,23.8272,5.6855,109.14,52.2,88.719,0.412,81.601,0.2695,152.1078,4.9925,3.9851,-0.1638,-1.9533,8.6348,9.8253,19.3689,5.6905,89.5004,0.1373,112.6219,0.2592,49.2698,0.1178,-0.7122
361,2.765,3.629,2.309,1.572,6.0052,5.6866,5.4209,-0.4706,-1.6778,7.3536,7.4612,14.8148,4.2927,144.11,57.54,86.603,0.786,96.263,0.118,68.9188,4.9453,3.9549,-0.4514,-1.3271,7.6517,9.0462,17.3568,4.2403,88.7741,0.2396,84.2025,0.2191,48.309,-0.0688,0.5089
362,1.14,1.517,0.921,1.648,1.0212,4.688,4.5857,-0.1472,-1.8681,5.1914,6.6605,11.8519,4.1066,152.32,58.75,86.919,0.755,41.584,0.2901,13.3814,4.4781,3.8985,-0.3537,-1.54,5.8224,6.4231,12.1341,3.803,87.5683,0.4935,54.9461,0.2685,18.3902,-0.2398,0.0719
363,3.323,3.638,3.229,1.127,8.6725,4.2556,3.8191,-0.7453,-1.2577,6.3808,6.5821,12.963,2.725,110.59,48.41,86.178,0.932,0.032,0.1673,90.1729,4.8158,3.9188,-0.2705,-1.6108,6.3194,8.3199,15.1424,4.104,88.4193,0.5992,53.229,0.23,43.7262,-0.3596,-0.4868
364,0.812,1.144,0.576,1.985,0.5182,3.9066,3.746,-0.4925,-1.697,5.0572,4.3256,9.3827,2.9748,153.13,63.26,85.174,1.265,63.066,0.3691,4.2414,4.1744,3.9172,-0.2971,-1.8924,4.8538,5.1555,9.9477,3.5662,88.0344,0.3711,83.2508,0.3282,7.1039,-0.2156,0.1379
365,1.494,1.941,1.366,1.421,1.7528,4.6975,4.5574,-0.2786,-1.8007,5.5543,7.2852,12.8395,3.8639,160.48,54.86,86.837,1.092,65.971,0.3531,21.6099,4.3666,3.8308,-0.2974,-0.9704,5.3334,6.3985,11.6565,3.6205,85.9684,0.8194,88.0477,0.3443,25.9002,-0.2492,0.5545
366,2.014,2.426,1.737,1.396,3.1855,5.1058,4.3472,-0.9886,-0.8166,8.5719,6.3664,14.9383,2.912,174.13,54.39,86.866,1.07,23.477,0.5372,40.5807,4.8275,3.8886,-0.4131,-0.9327,7.2057,8.1953,15.9261,4.0559,87.7583,0.431,48.3769,0.2833,42.0764,-0.3545,0.6445
367,2.385,3.099,2.146,1.444,4.4658,6.6303,6.4879,-0.1487,-1.875,7.3409,9.2024,16.5432,5.8126,118.85,55.3,87.603,0.551,151.537,0.1746,71.3748,4.9728,3.9678,-0.2979,-1.4381,8.0583,9.5153,18.5055,4.9972,89.0242,0.303,129.8929,0.2799,48.2557,0.0992,-0.603
368,6.485,8.92,4.93,1.809,33.0285,8.2607,6.9596,-0.6974,-1.0322,13.1835,14.7178,27.9012,5.3755,9.85,61.07,87.625,0.7,88.843,0.0979,549.4727,4.9972,3.9904,-0.3576,-1.3808,9.4804,9.9384,19.8353,5.8949,89.5032,0.0552,96.166,0.149,49.8986,0.024,0.7457
369,1.343,1.524,1.241,1.229,1.4175,4.2989,4.1662,-0.367,-1.7837,5.2589,5.7287,10.9877,3.4494,71.14,50.86,85.459,0.939,109.878,0.1969,12.2023,4.1635,3.8626,-0.2574,-1.1146,5.0683,5.7424,10.5668,3.8763,86.5732,0.9415,88.7846,0.3402,13.2205,0.0466,-0.3229
370,3.502,4.075,3.182,1.281,9.6327,6.7289,6.2107,-0.5187,-1.54,9.1319,9.3866,18.5185,4.7397,32.72,52.01,87.507,0.77,108.48,0.0786,154.0234,4.9928,3.9921,-0.2567,-1.964,8.4461,9.7736,19.1739,5.2663,89.6007,0.0644,114.6568,0.217,49.6045,0.2932,0.4053
371,3.743,4.733,3.144,1.505,11.0044,8.1724,7.5766,-0.2551,-1.6305,10.0713,13.262,23.3333,6.1593,132.08,56.41,88.11,0.484,25.374,0.2458,222.1141,4.9959,3.9848,-0.4046,-2.1421,9.1938,9.8846,19.6486,5.3354,89.7079,0.0696,30.0693,0.1237,49.8664,-0.5283,0.0624
372,0.881,1.381,0.59,2.34,0.6097,3.8551,3.8333,0.034,-1.9537,3.8333,5.0556,8.8889,3.8333,129.29,66.86,84.494,1.056,31.31,0.2426,4.305,4.1474,3.8964,-0.3053,-1.767,4.8572,5.3704,10.1678,3.4508,87.4847,0.4548,80.8427,0.3167,10.4026,-0.3716,0.178
373,1.9,2.179,1.786,1.22,2.8349,4.5326,4.4472,-0.2519,-1.8728,5.2206,5.8905,11.1111,3.8734,144.11,50.66,85.049,1.029,93.434,0.1103,23.3713,4.4584,3.9184,-0.4998,-2.2048,5.4867,5.9355,11.0729,3.0326,88.503,0.2382,65.5506,0.2481,22.18,-0.5578,0.6056
374,2.828,3.887,2.587,1.502,6.2795,4.9512,4.8057,-0.0288,-1.7716,5.2975,9.7642,15.0617,4.3974,157.43,56.35,87.385,0.807,155.545,0.2556,90.137,4.9745,3.9842,-0.1402,-1.7757,6.9497,9.5092,17.8143,4.6454,89.3235,0.1217,133.7826,0.2916,49.3436,0.2108,0.6552
375,1.57,2.769,0.997,2.777,1.9357,4.1198,3.9831,0.5043,-1.6565,3.2754,8.0826,11.358,5.0808,41.56,70.2,86.15,1.146,127.651,0.3728,20.1268,4.7333,3.9594,-0.1678,-1.8845,5.1999,7.2248,12.3477,4.1429,88.3789,0.2638,125.3845,0.3612,25.6156,0.2896,0.1011
376,5.22,6.532,4.917,1.329,21.3992,6.8585,6.3932,-0.2234,-1.62,8.3255,14.1437,22.4691,5.1961,177.71,53.03,87.587,0.737,118.261,0.0721,342.8656,4.997,3.9968,-0.3872,-2.4512,8.9524,9.9022,19.5964,5.0018,89.7738,0.0197,148.8682,0.17,49.8965,-0.0373,0.9266
377,2.527,3.369,2.028,1.662,5.0145,6.6701,6.2315,-0.5263,-1.5719,8.9734,8.8044,17.7778,4.7731,91.39,58.96,87.354,0.674,146.075,0.0952,75.4639,4.993,3.9916,-0.1924,-2.3594,8.3298,9.7785,19.1308,5.4635,89.6326,0.0925,135.5743,0.2713,49.1222,0.2474,-0.7265
378,2.79,3.473,2.481,1.4,6.1119,4.6072,4.4344,-0.1706,-1.7901,5.2618,7.3308,12.5926,3.8413,9.52,54.46,86.568,1.019,154.552,0.2722,69.5595,4.9181,3.964,-0.2639,-1.5348,6.4566,8.7949,15.7899,4.1517,88.6716,0.1922,131.0106,0.3245,46.3177,0.1175,0.752
379,1.365,1.692,1.155,1.464,1.4632,4.6562,4.5748,-0.244,-1.8792,5.3373,6.2676,11.6049,4.003,157.16,55.67,85.372,1.208,69.538,0.2699,12.5255,4.1402,3.8457,-0.3876,-1.1389,5.3097,5.3762,10.2444,3.4469,86.5799,0.6591,90.6107,0.3448,13.2293,-0.2184,0.3523
380,1.061,1.795,0.677,2.652,0.884,3.7616,3.708,0.2863,-1.8611,3.3071,5.8287,9.1358,4.2195,132.51,69.34,85.025,0.907,68.458,0.2127,7.2295,4.0717,3.8846,-0.2968,-1.5186,4.8805,5.2321,10.0848,3.5489,87.1643,0.5668,82.2226,0.3323,9.25,-0.2806,0.0451
381,3.883,4.725,3.319,1.423,11.8427,6.0976,4.829,-0.6245,-0.6099,10.1513,15.4043,25.5556,3.5376,81.6,54.91,88.149,0.573,1.6,0.1128,237.066,4.9712,3.9515,-0.3185,-1.3754,8.1858,9.4475,18.4354,5.0226,89.1657,0.2872,37.838,0.2335,48.8031,-0.1078,-0.5142
382,3.619,4.353,3.733,1.166,10.2881,6.4187,6.2093,0.0208,-1.7862,6.7231,11.3016,18.0247,5.7763,39.6,49.39,87.131,0.972,143.172,0.2555,144.5208,4.9765,3.9761,-0.2659,-1.2168,7.8467,9.5458,18.362,4.8713,88.9859,0.2083,127.1763,0.2685,49.2089,0.2242,0.2765
383,1.9,2.363,1.76,1.343,2.8349,6.7114,6.2092,-0.4042,-1.5612,8.8126,11.3108,20.1235,4.9708,7.71,53.33,88.5,0.42,22.476,0.5985,71.3308,4.9931,3.9912,-0.3417,-2.0292,8.917,9.7488,19.3369,5.3933,89.5529,0.0407,29.2523,0.1956,49.4019,0.024,0.786
384,1.246,2.496,0.684,3.646,1.2193,3.6244,3.4481,0.6429,-1.518,2.6819,7.1947,9.8765,4.8274,138.43,74.66,85.433,0.828,42.562,0.3102,10.4715,4.1483,3.8776,-0.2895,-1.3619,5.1214,5.5805,10.5697,3.7105,87.1086,0.68,76.5332,0.3281,10.1518,-0.1936,-0.078
385,1.434,2.921,0.768,3.803,1.6156,5.7346,5.6796,0.1267,-1.9109,5.4804,8.9641,14.4444,5.894,73.41,75.27,87.387,0.393,162.108,0.4747,23.7245,4.8481,3.9655,-0.135,-2.1086,5.5884,7.8783,13.8652,4.5327,88.6468,0.3196,132.5995,0.4257,27.8161,0.4112,-0.6503
386,1.07,1.28,0.938,1.364,0.8993,4.7723,4.0554,-0.6999,-1.0571,7.5108,6.3164,13.8272,2.9494,98.31,53.75,88.225,0.369,0.728,0.3692,20.0343,4.6364,3.9065,-0.3105,-1.488,6.2503,7.1906,13.5535,4.165,88.1789,0.5405,48.1348,0.2899,22.6193,-0.1317,-0.4404
387,3.249,3.836,3.381,1.134,8.2914,7.6327,7.156,-0.0685,-1.612,8.6957,15.1315,23.8272,6.1223,45.42,48.6,88.28,0.462,165.959,0.4651,187.7877,4.9938,3.9975,-0.2057,-2.6233,8.2058,9.7111,18.9331,5.4899,89.8167,0.026,159.1067,0.3163,47.7664,0.7132,-0.0876
388,0.924,1.469,0.704,2.086,0.6706,4.0979,4.0572,0.0596,-1.9177,4.0572,5.8193,9.8765,4.0572,105.48,64.39,86.401,0.397,152.048,0.2219,7.7179,4.2087,3.9088,-0.2227,-1.8618,4.7138,5.414,10.2071,3.7847,87.4563,0.5422,99.0396,0.366,8.4274,-0.0699,-0.2367
389,2.368,3.112,2.123,1.466,4.4048,5.1632,4.9426,-0.3177,-1.7378,6.2906,8.5242,14.8148,4.0704,171.9,55.7,86.852,1.02,9.367,0.1154,54.6717,4.8754,3.9383,-0.3449,-1.5823,6.7641,8.4721,15.9011,3.9749,88.4488,0.2619,67.2534,0.2573,46.072,-0.2814,0.7652
390,1.915,2.537,1.507,1.684,2.8807,4.5693,3.6379,-1.1021,-0.3668,8.4095,6.1584,14.5679,2.5529,164.41,59.3,87.299,0.628,35.136,0.3528,41.6862,4.7772,3.9149,-0.4855,-1.5175,6.5096,7.5074,14.1572,3.4667,88.2593,0.3009,84.3653,0.2937,41.9392,-0.3062,0.7863
391,3.563,6.547,2.287,2.862,9.968,5.1764,4.5113,-0.5118,-1.2812,7.4409,9.5961,17.037,3.3781,2.0,70.74,87.031,0.878,72.12,0.1642,132.6545,4.9752,3.9782,-0.4756,-1.9375,7.9548,9.3188,18.0876,4.1796,89.3264,0.0782,81.3497,0.2324,49.4026,-0.0522,0.9361
392,2.962,5.073,2.066,2.455,6.8892,5.0867,4.4045,-0.6923,-1.1656,7.7676,7.9114,15.679,3.1698,175.13,67.84,86.998,0.909,134.328,0.0226,90.9659,4.9183,3.9659,-0.4879,-1.7884,7.3097,8.5764,16.4417,3.8565,88.9101,0.1262,81.1578,0.2399,46.7525,-0.1076,0.8996
393,2.595,8.868,1.118,7.934,5.2888,6.6999,6.4886,-0.2009,-1.8088,7.694,10.2072,17.9012,5.6098,1.32,82.82,87.588,0.674,75.485,0.192,85.2756,4.9792,3.9808,-0.4423,-1.7765,8.2279,9.3679,18.3498,4.6177,89.2772,0.0824,71.2118,0.2636,48.9715,0.1566,0.8687
394,5.479,8.889,3.933,2.26,23.5787,8.8088,7.3589,-0.701,-1.0216,14.0591,15.0767,29.1358,5.6306,174.78,66.13,87.575,0.688,0.627,0.0709,386.1721,4.9976,3.9956,-0.5533,-2.7799,9.4127,9.8871,19.7396,5.2147,89.8621,0.0125,29.889,0.1223,49.8204,-0.409,0.9171
395,6.082,7.208,5.504,1.309,29.0504,6.9155,5.9705,-0.6556,-1.181,10.494,10.4936,20.9877,4.3658,132.69,52.63,87.621,0.793,146.089,0.1784,483.0002,4.9938,3.9827,-0.5411,-2.1486,9.0515,9.8267,19.5094,4.7602,89.6221,0.0884,112.4176,0.1777,49.8522,-0.4575,0.1797
396,4.923,5.481,4.709,1.164,19.0367,5.6683,4.5528,-0.812,-0.6848,9.8152,10.3082,20.1235,3.5443,133.64,49.33,87.404,0.713,2.101,0.1265,287.8401,4.9805,3.9468,-0.2909,-0.855,8.5105,9.6991,19.0796,5.1612,88.73,0.3784,58.2264,0.2103,49.6753,-0.1744,-0.1478
397,1.329,1.655,1.177,1.406,1.387,4.6534,4.4423,-0.4828,-1.6774,6.0348,5.6936,11.7284,3.5148,115.18,54.57,86.288,0.876,29.105,0.5252,14.5122,4.6038,3.9316,-0.4386,-2.0336,6.108,6.3138,12.3773,3.7112,88.7616,0.2774,50.8652,0.2902,12.4481,-0.3935,-0.3245
